2026-03-09T07:45:29  INFO      app.logging_config                        Logging initialized — level=INFO, file=logs/service.log
2026-03-09T07:45:29  INFO      __main__                                  ======================================================================
2026-03-09T07:45:29  INFO      __main__                                  DCR Queue Polling Service — starting up
2026-03-09T07:45:29  INFO      __main__                                  ======================================================================
2026-03-09T07:45:29  INFO      __main__                                  Environment        : LOCAL (.env)
2026-03-09T07:45:29  INFO      __main__                                  External API URL   : https://cp-apim-dev.azure-api.net/polling-api
2026-03-09T07:45:29  INFO      __main__                                  SQL Server DB      : cp-drawing-hub-dev.database.windows.net:1433/DrawingHub
2026-03-09T07:45:29  INFO      __main__                                  Poll interval      : 5s
2026-03-09T07:45:29  INFO      __main__                                  Max concurrent     : 3 jobs
2026-03-09T07:45:29  INFO      __main__                                  Verifying SQL Server connectivity…
2026-03-09T07:45:35  INFO      __main__                                  SQL Server connected — 1 queued record(s) currently pending
2026-03-09T07:45:38  INFO      app.poller                                Poller started — poll_interval=5s, max_concurrent=3
2026-03-09T07:45:38  INFO      app.poller                                Polling tick — active_jobs=0
2026-03-09T07:45:48  INFO      app.poller                                Found 1 queued record(s)
2026-03-09T07:45:50  INFO      app.db_client                             QueueId=1 → Status='Processing'
2026-03-09T07:45:50  INFO      app.pdf_reader                            Read PDFs for DcrNumber='DCR-2026-0001': current=477063 bytes, new=484906 bytes
2026-03-09T07:45:50  INFO      app.poller                                [QueueId=1] Upload job submitted (DcrNumber='DCR-2026-0001')
2026-03-09T07:45:50  INFO      app.external_api_client                   [QueueId=1] Uploading PDFs to external service → https://cp-apim-dev.azure-api.net/polling-api/api/v1/dcrs/upload?dcr_id=DCR-2026-0001 (DcrNumber=DCR-2026-0001) [Drawing Hub DCR ID]
2026-03-09T07:45:55  INFO      app.external_api_client                   [QueueId=1] Upload successful (HTTP 200)
2026-03-09T07:45:55  INFO      app.external_api_client                   [QueueId=1] Backend confirmed dcr_id='260309-01' (Drawing Hub DcrNumber='DCR-2026-0001')
2026-03-09T07:45:55  INFO      app.external_api_client                   [QueueId=1] Triggering text comparison → https://cp-apim-dev.azure-api.net/polling-api/api/v1/dcrs/260309-01/compare/text
2026-03-09T07:45:55  INFO      app.poller                                Polling tick — active_jobs=1
2026-03-09T07:46:03  INFO      app.poller                                Polling tick — active_jobs=1
2026-03-09T07:46:09  INFO      app.poller                                Polling tick — active_jobs=1
2026-03-09T07:46:16  INFO      app.poller                                Polling tick — active_jobs=1
2026-03-09T07:46:22  INFO      app.poller                                Polling tick — active_jobs=1
2026-03-09T07:46:29  INFO      app.poller                                Polling tick — active_jobs=1
2026-03-09T07:46:35  INFO      app.poller                                Polling tick — active_jobs=1
2026-03-09T07:46:42  INFO      app.poller                                Polling tick — active_jobs=1
2026-03-09T07:46:47  INFO      app.external_api_client                   [QueueId=1] Text comparison triggered successfully
2026-03-09T07:46:47  INFO      app.external_api_client                   [QueueId=1] Triggering report generation → https://cp-apim-dev.azure-api.net/polling-api/api/v1/dcrs/260309-01/report
2026-03-09T07:46:48  INFO      app.poller                                Polling tick — active_jobs=1
2026-03-09T07:46:54  INFO      app.poller                                Polling tick — active_jobs=1
2026-03-09T07:47:01  INFO      app.poller                                Polling tick — active_jobs=1
2026-03-09T07:47:07  INFO      app.poller                                Polling tick — active_jobs=1
2026-03-09T07:47:11  INFO      app.external_api_client                   [QueueId=1] Report generated — DCR is now Completed
2026-03-09T07:47:11  INFO      app.poller                                [QueueId=1] Upload + compare + report complete
2026-03-09T07:47:11  INFO      app.external_api_client                   [DCR=260309-01] Fetching engineering changes → https://cp-apim-dev.azure-api.net/polling-api/api/v1/dcrs/260309-01/changes/engineering
2026-03-09T07:47:12  INFO      app.external_api_client                   [DCR=260309-01] Engineering changes: 21 row(s)
2026-03-09T07:47:12  INFO      app.external_api_client                   [DCR=260309-01] Fetching BOM changes → https://cp-apim-dev.azure-api.net/polling-api/api/v1/dcrs/260309-01/changes/bom
2026-03-09T07:47:13  INFO      app.poller                                Polling tick — active_jobs=1
2026-03-09T07:47:14  INFO      app.external_api_client                   [DCR=260309-01] BOM changes: 1 row(s)
2026-03-09T07:47:20  INFO      app.poller                                Polling tick — active_jobs=1
2026-03-09T07:47:22  INFO      app.change_writer                         [QueueId=1] Inserted 21 row(s) into EngineeringChangeDetail
2026-03-09T07:47:24  INFO      app.change_writer                         [QueueId=1] Inserted 1 row(s) into BomChangeDetail
2026-03-09T07:47:24  INFO      app.poller                                [QueueId=1] 21 engineering + 1 BOM change(s) written
2026-03-09T07:47:24  WARNING   app.poller                                [QueueId=1] Could not download result PDF: 'Settings' object has no attribute 'RESULT_PDF_SAVE_PATH'  — marking as complete anyway
2026-03-09T07:47:25  INFO      app.db_client                             QueueId=1 → Status='Pending Review', CompareResult='Successful'
2026-03-09T07:47:26  INFO      app.poller                                Polling tick — active_jobs=1
2026-03-09T07:47:33  INFO      app.poller                                Polling tick — active_jobs=0
2026-03-09T07:47:39  INFO      app.poller                                Polling tick — active_jobs=0
2026-03-09T07:47:45  INFO      app.poller                                Polling tick — active_jobs=0
2026-03-09T07:47:52  INFO      app.poller                                Polling tick — active_jobs=0
2026-03-09T07:47:58  INFO      app.poller                                Polling tick — active_jobs=0
2026-03-09T07:48:05  INFO      app.poller                                Polling tick — active_jobs=0
2026-03-09T07:48:11  INFO      app.poller                                Polling tick — active_jobs=0
2026-03-09T07:48:17  INFO      app.poller                                Polling tick — active_jobs=0
2026-03-09T07:48:24  INFO      app.poller                                Polling tick — active_jobs=0
2026-03-09T07:48:30  INFO      app.poller                                Polling tick — active_jobs=0
2026-03-09T07:48:37  INFO      app.poller                                Polling tick — active_jobs=0
2026-03-09T07:48:43  INFO      app.poller                                Polling tick — active_jobs=0
2026-03-09T07:48:49  INFO      app.poller                                Polling tick — active_jobs=0
2026-03-09T07:48:56  INFO      app.poller                                Polling tick — active_jobs=0
2026-03-09T07:49:02  INFO      app.poller                                Polling tick — active_jobs=0
2026-03-09T07:49:08  INFO      app.poller                                Polling tick — active_jobs=0
2026-03-09T07:49:15  INFO      app.poller                                Polling tick — active_jobs=0
2026-03-09T07:49:21  INFO      app.poller                                Polling tick — active_jobs=0
2026-03-09T07:49:28  INFO      app.poller                                Polling tick — active_jobs=0
2026-03-09T07:49:34  INFO      app.poller                                Polling tick — active_jobs=0
2026-03-09T07:49:41  INFO      app.poller                                Polling tick — active_jobs=0
2026-03-09T07:49:47  INFO      app.poller                                Polling tick — active_jobs=0
2026-03-09T07:49:53  INFO      app.poller                                Polling tick — active_jobs=0
2026-03-09T07:50:00  INFO      app.poller                                Polling tick — active_jobs=0
2026-03-09T07:50:06  INFO      app.poller                                Polling tick — active_jobs=0
2026-03-09T07:50:13  INFO      app.poller                                Polling tick — active_jobs=0
2026-03-09T07:50:19  INFO      app.poller                                Polling tick — active_jobs=0
2026-03-09T07:50:25  INFO      app.poller                                Polling tick — active_jobs=0
2026-03-09T07:50:32  INFO      app.poller                                Polling tick — active_jobs=0
2026-03-09T07:50:38  INFO      app.poller                                Polling tick — active_jobs=0
2026-03-09T07:50:45  INFO      app.poller                                Polling tick — active_jobs=0
2026-03-09T07:50:51  INFO      app.poller                                Polling tick — active_jobs=0
2026-03-09T07:50:57  INFO      app.poller                                Polling tick — active_jobs=0
2026-03-09T07:51:04  INFO      app.poller                                Polling tick — active_jobs=0
2026-03-09T07:51:10  INFO      app.poller                                Polling tick — active_jobs=0
2026-03-09T07:51:17  INFO      app.poller                                Polling tick — active_jobs=0
2026-03-09T07:51:23  INFO      app.poller                                Polling tick — active_jobs=0
2026-03-09T07:51:30  INFO      app.poller                                Polling tick — active_jobs=0
2026-03-09T07:51:36  INFO      app.poller                                Polling tick — active_jobs=0
2026-03-09T07:51:42  INFO      app.poller                                Polling tick — active_jobs=0
2026-03-09T07:51:49  INFO      app.poller                                Polling tick — active_jobs=0
2026-03-09T07:51:55  INFO      app.poller                                Polling tick — active_jobs=0
2026-03-09T07:52:02  INFO      app.poller                                Polling tick — active_jobs=0
2026-03-09T07:52:08  INFO      app.poller                                Polling tick — active_jobs=0
2026-03-09T07:52:15  INFO      app.poller                                Polling tick — active_jobs=0
2026-03-09T07:52:21  INFO      app.poller                                Polling tick — active_jobs=0
2026-03-09T07:52:27  INFO      app.poller                                Polling tick — active_jobs=0
2026-03-09T07:52:34  INFO      app.poller                                Polling tick — active_jobs=0
2026-03-09T07:52:40  INFO      app.poller                                Polling tick — active_jobs=0
2026-03-09T07:52:46  INFO      app.poller                                Polling tick — active_jobs=0
2026-03-09T07:52:53  INFO      app.poller                                Polling tick — active_jobs=0
2026-03-09T07:52:59  INFO      app.poller                                Polling tick — active_jobs=0
2026-03-09T07:53:06  INFO      app.poller                                Polling tick — active_jobs=0
2026-03-09T07:53:12  INFO      app.poller                                Polling tick — active_jobs=0
2026-03-09T07:53:18  INFO      app.poller                                Polling tick — active_jobs=0
2026-03-09T07:53:25  INFO      app.poller                                Polling tick — active_jobs=0
2026-03-09T07:53:31  INFO      app.poller                                Polling tick — active_jobs=0
2026-03-09T07:53:38  INFO      app.poller                                Polling tick — active_jobs=0
2026-03-09T07:53:44  INFO      app.poller                                Polling tick — active_jobs=0
2026-03-09T07:53:50  INFO      app.poller                                Polling tick — active_jobs=0
2026-03-09T07:53:57  INFO      app.poller                                Polling tick — active_jobs=0
2026-03-09T07:54:03  INFO      app.poller                                Polling tick — active_jobs=0
2026-03-09T07:54:09  INFO      app.poller                                Polling tick — active_jobs=0
2026-03-09T07:54:16  INFO      app.poller                                Polling tick — active_jobs=0
2026-03-09T07:54:22  INFO      app.poller                                Polling tick — active_jobs=0
2026-03-09T07:54:29  INFO      app.poller                                Polling tick — active_jobs=0
2026-03-09T07:54:35  INFO      app.poller                                Polling tick — active_jobs=0
2026-03-09T07:54:41  INFO      app.poller                                Polling tick — active_jobs=0
2026-03-09T07:54:48  INFO      app.poller                                Polling tick — active_jobs=0
2026-03-09T07:54:54  INFO      app.poller                                Polling tick — active_jobs=0
2026-03-09T07:55:01  INFO      app.poller                                Polling tick — active_jobs=0
2026-03-09T07:55:07  INFO      app.poller                                Polling tick — active_jobs=0
2026-03-09T07:55:13  INFO      app.poller                                Polling tick — active_jobs=0
2026-03-09T07:55:20  INFO      app.poller                                Polling tick — active_jobs=0
2026-03-09T07:55:26  INFO      app.poller                                Polling tick — active_jobs=0
2026-03-09T07:55:32  INFO      app.poller                                Polling tick — active_jobs=0
2026-03-09T07:55:41  INFO      app.poller                                Polling tick — active_jobs=0
2026-03-09T07:55:47  INFO      app.poller                                Polling tick — active_jobs=0
2026-03-09T07:55:53  INFO      app.poller                                Polling tick — active_jobs=0
2026-03-09T07:56:00  INFO      app.poller                                Polling tick — active_jobs=0
2026-03-09T07:56:06  INFO      app.poller                                Polling tick — active_jobs=0
2026-03-09T07:56:13  INFO      app.poller                                Polling tick — active_jobs=0
2026-03-09T07:56:19  INFO      app.poller                                Polling tick — active_jobs=0
2026-03-09T07:56:26  INFO      app.poller                                Polling tick — active_jobs=0
2026-03-09T07:56:32  INFO      app.poller                                Polling tick — active_jobs=0
2026-03-09T07:56:38  INFO      app.poller                                Polling tick — active_jobs=0
2026-03-09T07:56:47  INFO      app.poller                                Polling tick — active_jobs=0
2026-03-09T07:56:53  INFO      app.poller                                Polling tick — active_jobs=0
2026-03-09T07:56:59  INFO      app.poller                                Polling tick — active_jobs=0
2026-03-09T07:57:06  INFO      app.poller                                Polling tick — active_jobs=0
2026-03-09T07:57:12  INFO      app.poller                                Polling tick — active_jobs=0
2026-03-09T07:57:19  INFO      app.poller                                Polling tick — active_jobs=0
2026-03-09T07:57:25  INFO      app.poller                                Polling tick — active_jobs=0
2026-03-09T07:57:32  INFO      app.poller                                Polling tick — active_jobs=0
2026-03-09T07:57:38  INFO      app.poller                                Polling tick — active_jobs=0
2026-03-09T07:57:44  INFO      app.poller                                Polling tick — active_jobs=0
2026-03-09T07:57:51  INFO      app.poller                                Polling tick — active_jobs=0
2026-03-09T07:57:57  INFO      app.poller                                Polling tick — active_jobs=0
2026-03-09T07:58:04  INFO      app.poller                                Polling tick — active_jobs=0
2026-03-09T07:58:10  INFO      app.poller                                Polling tick — active_jobs=0
2026-03-09T07:58:16  INFO      app.poller                                Polling tick — active_jobs=0
2026-03-09T07:58:22  INFO      app.poller                                Polling tick — active_jobs=0
2026-03-09T07:58:29  INFO      app.poller                                Polling tick — active_jobs=0
2026-03-09T07:58:35  INFO      app.poller                                Polling tick — active_jobs=0
2026-03-09T07:58:41  INFO      app.poller                                Polling tick — active_jobs=0
2026-03-09T07:58:48  INFO      app.poller                                Polling tick — active_jobs=0
2026-03-09T07:58:54  INFO      app.poller                                Polling tick — active_jobs=0
2026-03-09T07:59:01  INFO      app.poller                                Polling tick — active_jobs=0
2026-03-09T07:59:07  INFO      app.poller                                Polling tick — active_jobs=0
2026-03-09T07:59:14  INFO      app.poller                                Polling tick — active_jobs=0
2026-03-09T07:59:20  INFO      app.poller                                Polling tick — active_jobs=0
2026-03-09T07:59:26  INFO      app.poller                                Polling tick — active_jobs=0
2026-03-09T07:59:33  INFO      app.poller                                Polling tick — active_jobs=0
2026-03-09T07:59:39  INFO      app.poller                                Polling tick — active_jobs=0
2026-03-09T07:59:46  INFO      app.poller                                Polling tick — active_jobs=0
2026-03-09T07:59:52  INFO      app.poller                                Polling tick — active_jobs=0
2026-03-09T07:59:59  INFO      app.poller                                Polling tick — active_jobs=0
2026-03-09T08:00:05  INFO      app.poller                                Polling tick — active_jobs=0
2026-03-09T08:00:11  INFO      app.poller                                Polling tick — active_jobs=0
2026-03-09T08:00:18  INFO      app.poller                                Polling tick — active_jobs=0
2026-03-09T08:00:24  INFO      app.poller                                Polling tick — active_jobs=0
2026-03-09T08:00:30  INFO      app.poller                                Polling tick — active_jobs=0
2026-03-09T08:00:36  INFO      app.poller                                Polling tick — active_jobs=0
2026-03-09T08:00:43  INFO      app.poller                                Polling tick — active_jobs=0
2026-03-09T08:00:49  INFO      app.poller                                Polling tick — active_jobs=0
2026-03-09T08:00:56  INFO      app.poller                                Polling tick — active_jobs=0
2026-03-09T08:01:02  INFO      app.poller                                Polling tick — active_jobs=0
2026-03-09T08:01:08  INFO      app.poller                                Polling tick — active_jobs=0
2026-03-09T08:01:15  INFO      app.poller                                Polling tick — active_jobs=0
2026-03-09T08:01:21  INFO      app.poller                                Polling tick — active_jobs=0
2026-03-09T08:01:27  INFO      app.poller                                Polling tick — active_jobs=0
2026-03-09T08:01:34  INFO      app.poller                                Polling tick — active_jobs=0
2026-03-09T08:01:41  INFO      app.poller                                Polling tick — active_jobs=0
2026-03-09T08:01:47  INFO      app.poller                                Polling tick — active_jobs=0
2026-03-09T08:01:53  INFO      app.poller                                Polling tick — active_jobs=0
2026-03-09T08:02:00  INFO      app.poller                                Polling tick — active_jobs=0
2026-03-09T08:02:06  INFO      app.poller                                Polling tick — active_jobs=0
2026-03-09T08:02:12  INFO      app.poller                                Polling tick — active_jobs=0
2026-03-09T08:02:19  INFO      app.poller                                Polling tick — active_jobs=0
2026-03-09T08:02:25  INFO      app.poller                                Polling tick — active_jobs=0
2026-03-09T08:02:32  INFO      app.poller                                Polling tick — active_jobs=0
2026-03-09T08:02:38  INFO      app.poller                                Polling tick — active_jobs=0
2026-03-09T08:02:45  INFO      app.poller                                Polling tick — active_jobs=0
2026-03-09T08:02:51  INFO      app.poller                                Polling tick — active_jobs=0
2026-03-09T08:02:58  INFO      app.poller                                Polling tick — active_jobs=0
2026-03-09T08:03:04  INFO      app.poller                                Polling tick — active_jobs=0
2026-03-09T08:03:10  INFO      app.poller                                Polling tick — active_jobs=0
2026-03-09T08:03:17  INFO      app.poller                                Polling tick — active_jobs=0
2026-03-09T08:03:23  INFO      app.poller                                Polling tick — active_jobs=0
2026-03-09T08:03:29  INFO      app.poller                                Polling tick — active_jobs=0
2026-03-09T08:03:36  INFO      app.poller                                Polling tick — active_jobs=0
2026-03-09T08:03:42  INFO      app.poller                                Polling tick — active_jobs=0
2026-03-09T08:03:49  INFO      app.poller                                Polling tick — active_jobs=0
2026-03-09T08:03:55  INFO      app.poller                                Polling tick — active_jobs=0
2026-03-09T08:04:01  INFO      app.poller                                Polling tick — active_jobs=0
2026-03-09T08:04:08  INFO      app.poller                                Polling tick — active_jobs=0
2026-03-09T08:04:14  INFO      app.poller                                Polling tick — active_jobs=0
2026-03-09T08:04:21  INFO      app.poller                                Polling tick — active_jobs=0
2026-03-09T08:04:27  INFO      app.poller                                Polling tick — active_jobs=0
2026-03-09T08:04:33  INFO      app.poller                                Polling tick — active_jobs=0
2026-03-09T08:04:40  INFO      app.poller                                Polling tick — active_jobs=0
2026-03-09T08:04:46  INFO      app.poller                                Polling tick — active_jobs=0
2026-03-09T08:04:53  INFO      app.poller                                Polling tick — active_jobs=0
2026-03-09T08:04:59  INFO      app.poller                                Polling tick — active_jobs=0
2026-03-09T08:05:06  INFO      app.poller                                Polling tick — active_jobs=0
2026-03-09T08:05:12  INFO      app.poller                                Polling tick — active_jobs=0
2026-03-09T08:05:19  INFO      app.poller                                Polling tick — active_jobs=0
2026-03-09T08:05:25  INFO      app.poller                                Polling tick — active_jobs=0
2026-03-09T08:05:31  INFO      app.poller                                Polling tick — active_jobs=0
2026-03-09T08:05:38  INFO      app.poller                                Polling tick — active_jobs=0
2026-03-09T08:05:44  INFO      app.poller                                Polling tick — active_jobs=0
2026-03-09T08:05:50  INFO      app.poller                                Polling tick — active_jobs=0
2026-03-09T08:05:56  INFO      app.poller                                Polling tick — active_jobs=0
2026-03-09T08:06:03  INFO      app.poller                                Polling tick — active_jobs=0
2026-03-09T08:06:09  INFO      app.poller                                Polling tick — active_jobs=0
2026-03-09T08:06:15  INFO      app.poller                                Polling tick — active_jobs=0
2026-03-09T08:06:21  INFO      app.poller                                Polling tick — active_jobs=0
2026-03-09T08:06:28  INFO      app.poller                                Polling tick — active_jobs=0
2026-03-09T08:06:34  INFO      app.poller                                Polling tick — active_jobs=0
2026-03-09T08:06:40  INFO      app.poller                                Polling tick — active_jobs=0
2026-03-09T08:06:47  INFO      app.poller                                Polling tick — active_jobs=0
2026-03-09T08:06:53  INFO      app.poller                                Polling tick — active_jobs=0
2026-03-09T08:06:59  INFO      app.poller                                Polling tick — active_jobs=0
2026-03-09T08:07:05  INFO      app.poller                                Polling tick — active_jobs=0
2026-03-09T08:07:12  INFO      app.poller                                Polling tick — active_jobs=0
2026-03-09T08:07:18  INFO      app.poller                                Polling tick — active_jobs=0
2026-03-09T08:07:24  INFO      app.poller                                Polling tick — active_jobs=0
2026-03-09T08:07:30  INFO      app.poller                                Polling tick — active_jobs=0
2026-03-09T08:07:37  INFO      app.poller                                Polling tick — active_jobs=0
2026-03-09T08:07:43  INFO      app.poller                                Polling tick — active_jobs=0
2026-03-09T08:07:49  INFO      app.poller                                Polling tick — active_jobs=0
2026-03-09T08:07:55  INFO      app.poller                                Polling tick — active_jobs=0
2026-03-09T08:08:02  INFO      app.poller                                Polling tick — active_jobs=0
2026-03-09T08:08:08  INFO      app.poller                                Polling tick — active_jobs=0
2026-03-09T08:08:14  INFO      app.poller                                Polling tick — active_jobs=0
2026-03-09T08:08:20  INFO      app.poller                                Polling tick — active_jobs=0
2026-03-09T08:08:27  INFO      app.poller                                Polling tick — active_jobs=0
2026-03-09T08:08:33  INFO      app.poller                                Polling tick — active_jobs=0
2026-03-09T08:08:39  INFO      app.poller                                Polling tick — active_jobs=0
2026-03-09T08:08:45  INFO      app.poller                                Polling tick — active_jobs=0
2026-03-09T08:08:52  INFO      app.poller                                Polling tick — active_jobs=0
2026-03-09T08:08:58  INFO      app.poller                                Polling tick — active_jobs=0
2026-03-09T08:09:04  INFO      app.poller                                Polling tick — active_jobs=0
2026-03-09T08:09:10  INFO      app.poller                                Polling tick — active_jobs=0
2026-03-09T08:09:17  INFO      app.poller                                Polling tick — active_jobs=0
2026-03-09T08:09:23  INFO      app.poller                                Polling tick — active_jobs=0
2026-03-09T08:09:29  INFO      app.poller                                Polling tick — active_jobs=0
2026-03-09T08:09:35  INFO      app.poller                                Polling tick — active_jobs=0
2026-03-09T08:09:42  INFO      app.poller                                Polling tick — active_jobs=0
2026-03-09T08:09:48  INFO      app.poller                                Polling tick — active_jobs=0
2026-03-09T08:09:54  INFO      app.poller                                Polling tick — active_jobs=0
2026-03-09T08:10:00  INFO      app.poller                                Polling tick — active_jobs=0
2026-03-09T08:10:07  INFO      app.poller                                Polling tick — active_jobs=0
2026-03-09T08:10:13  INFO      app.poller                                Polling tick — active_jobs=0
2026-03-09T08:10:19  INFO      app.poller                                Polling tick — active_jobs=0
2026-03-09T08:10:25  INFO      app.poller                                Polling tick — active_jobs=0
2026-03-09T08:10:32  INFO      app.poller                                Polling tick — active_jobs=0
2026-03-09T08:10:35  INFO      app.poller                                Shutdown requested via KeyboardInterrupt
2026-03-09T08:10:35  INFO      app.poller                                Waiting for active jobs to finish before shutdown…
2026-03-09T08:10:35  INFO      app.poller                                Poller shut down cleanly.
2026-03-09T08:11:45  INFO      app.logging_config                        Logging initialized — level=INFO, file=logs/service.log
2026-03-09T08:11:45  INFO      __main__                                  ======================================================================
2026-03-09T08:11:45  INFO      __main__                                  DCR Queue Polling Service — starting up
2026-03-09T08:11:45  INFO      __main__                                  ======================================================================
2026-03-09T08:11:45  INFO      __main__                                  External API URL   : https://cp-apim-dev.azure-api.net/polling-api
2026-03-09T08:11:45  INFO      __main__                                  SQL Server DB      : cp-drawing-hub-dev.database.windows.net:1433/DrawingHub
2026-03-09T08:11:45  INFO      __main__                                  Poll interval      : 5s
2026-03-09T08:11:45  INFO      __main__                                  Max concurrent     : 3 jobs
2026-03-09T08:11:45  INFO      __main__                                  Verifying SQL Server connectivity…
2026-03-09T08:11:50  INFO      __main__                                  SQL Server connected — 1 queued record(s) currently pending
2026-03-09T08:11:52  INFO      app.poller                                Poller started — poll_interval=5s, max_concurrent=3
2026-03-09T08:11:52  INFO      app.poller                                Polling tick — active_jobs=0
2026-03-09T08:11:56  INFO      app.poller                                Found 1 queued record(s)
2026-03-09T08:11:57  INFO      app.db_client                             QueueId=1 → Status='Processing'
2026-03-09T08:11:57  INFO      app.pdf_reader                            Read PDFs for DcrNumber='DCR-2026-0001': current=477063 bytes, new=484906 bytes
2026-03-09T08:11:57  INFO      app.poller                                [QueueId=1] Upload job submitted (DcrNumber='DCR-2026-0001')
2026-03-09T08:11:57  INFO      app.external_api_client                   [QueueId=1] Uploading PDFs to external service → https://cp-apim-dev.azure-api.net/polling-api/api/v1/dcrs/upload?dcr_id=DCR-2026-0001 (DcrNumber=DCR-2026-0001) [Drawing Hub DCR ID]
2026-03-09T08:12:02  INFO      app.external_api_client                   [QueueId=1] Upload successful (HTTP 200)
2026-03-09T08:12:02  INFO      app.external_api_client                   [QueueId=1] Backend confirmed dcr_id='260309-02' (Drawing Hub DcrNumber='DCR-2026-0001')
2026-03-09T08:12:02  INFO      app.external_api_client                   [QueueId=1] Triggering text comparison → https://cp-apim-dev.azure-api.net/polling-api/api/v1/dcrs/260309-02/compare/text
2026-03-09T08:12:02  INFO      app.poller                                Polling tick — active_jobs=1
2026-03-09T08:12:10  INFO      app.poller                                Polling tick — active_jobs=1
2026-03-09T08:12:16  INFO      app.poller                                Polling tick — active_jobs=1
2026-03-09T08:12:22  INFO      app.poller                                Polling tick — active_jobs=1
2026-03-09T08:12:29  INFO      app.poller                                Polling tick — active_jobs=1
2026-03-09T08:12:35  INFO      app.poller                                Polling tick — active_jobs=1
2026-03-09T08:12:41  INFO      app.poller                                Polling tick — active_jobs=1
2026-03-09T08:12:47  INFO      app.poller                                Polling tick — active_jobs=1
2026-03-09T08:12:54  INFO      app.poller                                Polling tick — active_jobs=1
2026-03-09T08:13:00  INFO      app.external_api_client                   [QueueId=1] Text comparison triggered successfully
2026-03-09T08:13:00  INFO      app.external_api_client                   [QueueId=1] Triggering report generation → https://cp-apim-dev.azure-api.net/polling-api/api/v1/dcrs/260309-02/report
2026-03-09T08:13:00  INFO      app.poller                                Polling tick — active_jobs=1
2026-03-09T08:13:06  INFO      app.poller                                Polling tick — active_jobs=1
2026-03-09T08:13:12  INFO      app.poller                                Polling tick — active_jobs=1
2026-03-09T08:13:19  INFO      app.poller                                Polling tick — active_jobs=1
2026-03-09T08:13:25  INFO      app.poller                                Polling tick — active_jobs=1
2026-03-09T08:13:26  INFO      app.external_api_client                   [QueueId=1] Report generated — DCR is now Completed
2026-03-09T08:13:26  INFO      app.poller                                [QueueId=1] Upload + compare + report complete
2026-03-09T08:13:26  INFO      app.external_api_client                   [DCR=260309-02] Fetching engineering changes → https://cp-apim-dev.azure-api.net/polling-api/api/v1/dcrs/260309-02/changes/engineering
2026-03-09T08:13:28  INFO      app.external_api_client                   [DCR=260309-02] Engineering changes: 28 row(s)
2026-03-09T08:13:28  INFO      app.external_api_client                   [DCR=260309-02] Fetching BOM changes → https://cp-apim-dev.azure-api.net/polling-api/api/v1/dcrs/260309-02/changes/bom
2026-03-09T08:13:29  INFO      app.external_api_client                   [DCR=260309-02] BOM changes: 1 row(s)
2026-03-09T08:13:31  INFO      app.poller                                Polling tick — active_jobs=1
2026-03-09T08:13:37  INFO      app.change_writer                         [QueueId=1] Inserted 28 row(s) into EngineeringChangeDetail
2026-03-09T08:13:38  INFO      app.change_writer                         [QueueId=1] Inserted 1 row(s) into BomChangeDetail
2026-03-09T08:13:38  INFO      app.poller                                [QueueId=1] 28 engineering + 1 BOM change(s) written
2026-03-09T08:13:39  INFO      app.poller                                Polling tick — active_jobs=1
2026-03-09T08:13:40  INFO      app.db_client                             QueueId=1 → Status='Pending Review', CompareResult='Successful'
2026-03-09T08:13:46  INFO      app.poller                                Polling tick — active_jobs=0
2026-03-09T08:13:52  INFO      app.poller                                Polling tick — active_jobs=0
2026-03-09T08:13:58  INFO      app.poller                                Polling tick — active_jobs=0
2026-03-09T08:14:04  INFO      app.poller                                Polling tick — active_jobs=0
2026-03-09T08:14:11  INFO      app.poller                                Polling tick — active_jobs=0
2026-03-09T08:14:17  INFO      app.poller                                Polling tick — active_jobs=0
2026-03-09T08:14:23  INFO      app.poller                                Polling tick — active_jobs=0
2026-03-09T08:14:29  INFO      app.poller                                Polling tick — active_jobs=0
2026-03-09T08:14:36  INFO      app.poller                                Polling tick — active_jobs=0
2026-03-09T08:14:42  INFO      app.poller                                Polling tick — active_jobs=0
2026-03-09T08:14:48  INFO      app.poller                                Polling tick — active_jobs=0
2026-03-09T08:14:54  INFO      app.poller                                Polling tick — active_jobs=0
2026-03-09T08:15:01  INFO      app.poller                                Polling tick — active_jobs=0
2026-03-09T08:15:07  INFO      app.poller                                Polling tick — active_jobs=0
2026-03-09T08:15:13  INFO      app.poller                                Polling tick — active_jobs=0
2026-03-09T08:15:19  INFO      app.poller                                Polling tick — active_jobs=0
2026-03-09T08:15:26  INFO      app.poller                                Polling tick — active_jobs=0
2026-03-09T08:15:32  INFO      app.poller                                Polling tick — active_jobs=0
2026-03-09T08:15:38  INFO      app.poller                                Polling tick — active_jobs=0
2026-03-09T08:15:44  INFO      app.poller                                Polling tick — active_jobs=0
2026-03-09T08:15:51  INFO      app.poller                                Polling tick — active_jobs=0
2026-03-09T08:15:57  INFO      app.poller                                Polling tick — active_jobs=0
2026-03-09T08:16:06  INFO      app.poller                                Polling tick — active_jobs=0
2026-03-09T08:16:12  INFO      app.poller                                Polling tick — active_jobs=0
2026-03-09T08:16:18  INFO      app.poller                                Polling tick — active_jobs=0
2026-03-09T08:16:24  INFO      app.poller                                Polling tick — active_jobs=0
2026-03-09T08:16:31  INFO      app.poller                                Polling tick — active_jobs=0
2026-03-09T08:16:37  INFO      app.poller                                Polling tick — active_jobs=0
2026-03-09T08:16:43  INFO      app.poller                                Polling tick — active_jobs=0
2026-03-09T08:16:49  INFO      app.poller                                Polling tick — active_jobs=0
2026-03-09T08:16:56  INFO      app.poller                                Polling tick — active_jobs=0
2026-03-09T08:17:02  INFO      app.poller                                Polling tick — active_jobs=0
2026-03-09T08:17:08  INFO      app.poller                                Polling tick — active_jobs=0
2026-03-09T08:17:14  INFO      app.poller                                Polling tick — active_jobs=0
2026-03-09T08:17:21  INFO      app.poller                                Polling tick — active_jobs=0
2026-03-09T08:17:27  INFO      app.poller                                Polling tick — active_jobs=0
2026-03-09T08:17:33  INFO      app.poller                                Polling tick — active_jobs=0
2026-03-09T08:17:39  INFO      app.poller                                Polling tick — active_jobs=0
2026-03-09T08:17:46  INFO      app.poller                                Polling tick — active_jobs=0
2026-03-09T08:17:52  INFO      app.poller                                Polling tick — active_jobs=0
2026-03-09T08:17:58  INFO      app.poller                                Polling tick — active_jobs=0
2026-03-09T08:18:04  INFO      app.poller                                Polling tick — active_jobs=0
2026-03-09T08:18:11  INFO      app.poller                                Polling tick — active_jobs=0
2026-03-09T08:18:17  INFO      app.poller                                Polling tick — active_jobs=0
2026-03-09T08:18:23  INFO      app.poller                                Polling tick — active_jobs=0
2026-03-09T08:18:29  INFO      app.poller                                Polling tick — active_jobs=0
2026-03-09T08:18:36  INFO      app.poller                                Polling tick — active_jobs=0
2026-03-09T08:18:42  INFO      app.poller                                Polling tick — active_jobs=0
2026-03-09T08:18:48  INFO      app.poller                                Polling tick — active_jobs=0
2026-03-09T08:18:54  INFO      app.poller                                Polling tick — active_jobs=0
2026-03-09T08:19:01  INFO      app.poller                                Polling tick — active_jobs=0
2026-03-09T08:19:07  INFO      app.poller                                Polling tick — active_jobs=0
2026-03-09T08:19:13  INFO      app.poller                                Polling tick — active_jobs=0
2026-03-09T08:19:19  INFO      app.poller                                Polling tick — active_jobs=0
2026-03-09T08:19:26  INFO      app.poller                                Polling tick — active_jobs=0
2026-03-09T08:19:32  INFO      app.poller                                Polling tick — active_jobs=0
2026-03-09T08:19:38  INFO      app.poller                                Polling tick — active_jobs=0
2026-03-09T08:19:44  INFO      app.poller                                Polling tick — active_jobs=0
2026-03-09T08:19:51  INFO      app.poller                                Polling tick — active_jobs=0
2026-03-09T08:19:57  INFO      app.poller                                Polling tick — active_jobs=0
2026-03-09T08:20:03  INFO      app.poller                                Polling tick — active_jobs=0
2026-03-09T08:20:09  INFO      app.poller                                Polling tick — active_jobs=0
2026-03-09T08:20:16  INFO      app.poller                                Polling tick — active_jobs=0
2026-03-09T08:20:22  INFO      app.poller                                Polling tick — active_jobs=0
2026-03-09T08:20:28  INFO      app.poller                                Polling tick — active_jobs=0
2026-03-09T08:20:34  INFO      app.poller                                Polling tick — active_jobs=0
2026-03-09T08:20:41  INFO      app.poller                                Polling tick — active_jobs=0
2026-03-09T08:20:47  INFO      app.poller                                Polling tick — active_jobs=0
2026-03-09T08:20:53  INFO      app.poller                                Polling tick — active_jobs=0
2026-03-09T08:21:00  INFO      app.poller                                Polling tick — active_jobs=0
2026-03-09T08:21:06  INFO      app.poller                                Polling tick — active_jobs=0
2026-03-09T08:21:12  INFO      app.poller                                Polling tick — active_jobs=0
2026-03-09T08:21:18  INFO      app.poller                                Polling tick — active_jobs=0
2026-03-09T08:21:24  INFO      app.poller                                Polling tick — active_jobs=0
2026-03-09T08:21:31  INFO      app.poller                                Polling tick — active_jobs=0
2026-03-09T08:21:37  INFO      app.poller                                Polling tick — active_jobs=0
2026-03-09T08:21:43  INFO      app.poller                                Polling tick — active_jobs=0
2026-03-09T08:21:49  INFO      app.poller                                Polling tick — active_jobs=0
2026-03-09T08:21:56  INFO      app.poller                                Polling tick — active_jobs=0
2026-03-09T08:22:02  INFO      app.poller                                Polling tick — active_jobs=0
2026-03-09T08:22:08  INFO      app.poller                                Polling tick — active_jobs=0
2026-03-09T08:22:14  INFO      app.poller                                Polling tick — active_jobs=0
2026-03-09T08:22:21  INFO      app.poller                                Polling tick — active_jobs=0
2026-03-09T08:22:27  INFO      app.poller                                Polling tick — active_jobs=0
2026-03-09T08:22:33  INFO      app.poller                                Polling tick — active_jobs=0
2026-03-09T08:22:39  INFO      app.poller                                Polling tick — active_jobs=0
2026-03-09T08:22:46  INFO      app.poller                                Polling tick — active_jobs=0
2026-03-09T08:22:52  INFO      app.poller                                Polling tick — active_jobs=0
2026-03-09T08:22:58  INFO      app.poller                                Polling tick — active_jobs=0
2026-03-09T08:23:04  INFO      app.poller                                Polling tick — active_jobs=0
2026-03-09T08:23:11  INFO      app.poller                                Polling tick — active_jobs=0
2026-03-09T08:23:17  INFO      app.poller                                Polling tick — active_jobs=0
2026-03-09T08:23:23  INFO      app.poller                                Polling tick — active_jobs=0
2026-03-09T08:23:29  INFO      app.poller                                Polling tick — active_jobs=0
2026-03-09T08:23:36  INFO      app.poller                                Polling tick — active_jobs=0
2026-03-09T08:23:42  INFO      app.poller                                Polling tick — active_jobs=0
2026-03-09T08:23:48  INFO      app.poller                                Polling tick — active_jobs=0
2026-03-09T08:23:54  INFO      app.poller                                Polling tick — active_jobs=0
2026-03-09T08:24:01  INFO      app.poller                                Polling tick — active_jobs=0
2026-03-09T08:24:07  INFO      app.poller                                Polling tick — active_jobs=0
2026-03-09T08:24:13  INFO      app.poller                                Polling tick — active_jobs=0
2026-03-09T08:24:19  INFO      app.poller                                Polling tick — active_jobs=0
2026-03-09T08:24:26  INFO      app.poller                                Polling tick — active_jobs=0
2026-03-09T08:24:32  INFO      app.poller                                Polling tick — active_jobs=0
2026-03-09T08:24:38  INFO      app.poller                                Polling tick — active_jobs=0
2026-03-09T08:24:44  INFO      app.poller                                Polling tick — active_jobs=0
2026-03-09T08:24:50  INFO      app.poller                                Polling tick — active_jobs=0
2026-03-09T08:24:57  INFO      app.poller                                Polling tick — active_jobs=0
2026-03-09T08:25:03  INFO      app.poller                                Polling tick — active_jobs=0
2026-03-09T08:25:09  INFO      app.poller                                Polling tick — active_jobs=0
2026-03-09T08:25:16  INFO      app.poller                                Polling tick — active_jobs=0
2026-03-09T08:25:22  INFO      app.poller                                Polling tick — active_jobs=0
2026-03-09T08:25:28  INFO      app.poller                                Polling tick — active_jobs=0
2026-03-09T08:25:34  INFO      app.poller                                Polling tick — active_jobs=0
2026-03-09T08:25:41  INFO      app.poller                                Polling tick — active_jobs=0
2026-03-09T08:25:47  INFO      app.poller                                Polling tick — active_jobs=0
2026-03-09T08:25:53  INFO      app.poller                                Polling tick — active_jobs=0
2026-03-09T08:25:59  INFO      app.poller                                Polling tick — active_jobs=0
2026-03-09T08:26:06  INFO      app.poller                                Polling tick — active_jobs=0
2026-03-09T08:26:12  INFO      app.poller                                Polling tick — active_jobs=0
2026-03-09T08:26:18  INFO      app.poller                                Polling tick — active_jobs=0
2026-03-09T08:26:24  INFO      app.poller                                Polling tick — active_jobs=0
2026-03-09T08:26:31  INFO      app.poller                                Polling tick — active_jobs=0
2026-03-09T08:26:37  INFO      app.poller                                Polling tick — active_jobs=0
2026-03-09T08:26:43  INFO      app.poller                                Polling tick — active_jobs=0
2026-03-09T08:26:49  INFO      app.poller                                Polling tick — active_jobs=0
2026-03-09T08:26:56  INFO      app.poller                                Polling tick — active_jobs=0
2026-03-09T08:27:02  INFO      app.poller                                Polling tick — active_jobs=0
2026-03-09T08:27:08  INFO      app.poller                                Polling tick — active_jobs=0
2026-03-09T08:27:14  INFO      app.poller                                Polling tick — active_jobs=0
2026-03-09T08:27:20  INFO      app.poller                                Polling tick — active_jobs=0
2026-03-09T08:27:27  INFO      app.poller                                Polling tick — active_jobs=0
2026-03-09T08:27:33  INFO      app.poller                                Polling tick — active_jobs=0
2026-03-09T08:27:39  INFO      app.poller                                Polling tick — active_jobs=0
2026-03-09T08:27:45  INFO      app.poller                                Polling tick — active_jobs=0
2026-03-09T08:27:52  INFO      app.poller                                Polling tick — active_jobs=0
2026-03-09T08:27:58  INFO      app.poller                                Polling tick — active_jobs=0
2026-03-09T08:28:04  INFO      app.poller                                Polling tick — active_jobs=0
2026-03-09T08:28:10  INFO      app.poller                                Polling tick — active_jobs=0
2026-03-09T08:28:17  INFO      app.poller                                Polling tick — active_jobs=0
2026-03-09T08:28:23  INFO      app.poller                                Polling tick — active_jobs=0
2026-03-09T08:28:29  INFO      app.poller                                Polling tick — active_jobs=0
2026-03-09T08:28:36  INFO      app.poller                                Polling tick — active_jobs=0
2026-03-09T08:28:42  INFO      app.poller                                Polling tick — active_jobs=0
2026-03-09T08:28:48  INFO      app.poller                                Polling tick — active_jobs=0
2026-03-09T08:28:54  INFO      app.poller                                Polling tick — active_jobs=0
2026-03-09T08:29:01  INFO      app.poller                                Polling tick — active_jobs=0
2026-03-09T08:29:07  INFO      app.poller                                Polling tick — active_jobs=0
2026-03-09T08:29:13  INFO      app.poller                                Polling tick — active_jobs=0
2026-03-09T08:29:19  INFO      app.poller                                Polling tick — active_jobs=0
2026-03-09T08:29:26  INFO      app.poller                                Polling tick — active_jobs=0
2026-03-09T08:29:32  INFO      app.poller                                Polling tick — active_jobs=0
2026-03-09T08:29:38  INFO      app.poller                                Polling tick — active_jobs=0
2026-03-09T08:29:44  INFO      app.poller                                Polling tick — active_jobs=0
2026-03-09T08:29:51  INFO      app.poller                                Polling tick — active_jobs=0
2026-03-09T08:29:57  INFO      app.poller                                Polling tick — active_jobs=0
2026-03-09T08:30:03  INFO      app.poller                                Polling tick — active_jobs=0
2026-03-09T08:30:09  INFO      app.poller                                Polling tick — active_jobs=0
2026-03-09T08:30:16  INFO      app.poller                                Polling tick — active_jobs=0
2026-03-09T08:30:22  INFO      app.poller                                Polling tick — active_jobs=0
2026-03-09T08:30:28  INFO      app.poller                                Polling tick — active_jobs=0
2026-03-09T08:30:34  INFO      app.poller                                Polling tick — active_jobs=0
2026-03-09T08:30:41  INFO      app.poller                                Polling tick — active_jobs=0
2026-03-09T08:30:47  INFO      app.poller                                Polling tick — active_jobs=0
2026-03-09T08:30:53  INFO      app.poller                                Polling tick — active_jobs=0
2026-03-09T08:30:59  INFO      app.poller                                Polling tick — active_jobs=0
2026-03-09T08:31:06  INFO      app.poller                                Polling tick — active_jobs=0
2026-03-09T08:31:12  INFO      app.poller                                Polling tick — active_jobs=0
2026-03-09T08:31:18  INFO      app.poller                                Polling tick — active_jobs=0
2026-03-09T08:31:24  INFO      app.poller                                Polling tick — active_jobs=0
2026-03-09T08:31:31  INFO      app.poller                                Polling tick — active_jobs=0
2026-03-09T08:31:37  INFO      app.poller                                Polling tick — active_jobs=0
2026-03-09T08:31:43  INFO      app.poller                                Polling tick — active_jobs=0
2026-03-09T08:31:49  INFO      app.poller                                Polling tick — active_jobs=0
2026-03-09T08:31:56  INFO      app.poller                                Polling tick — active_jobs=0
2026-03-09T08:32:02  INFO      app.poller                                Polling tick — active_jobs=0
2026-03-09T08:32:08  INFO      app.poller                                Polling tick — active_jobs=0
2026-03-09T08:32:14  INFO      app.poller                                Polling tick — active_jobs=0
2026-03-09T08:32:21  INFO      app.poller                                Polling tick — active_jobs=0
2026-03-09T08:32:27  INFO      app.poller                                Polling tick — active_jobs=0
2026-03-09T08:32:33  INFO      app.poller                                Polling tick — active_jobs=0
2026-03-09T08:32:39  INFO      app.poller                                Polling tick — active_jobs=0
2026-03-09T08:32:46  INFO      app.poller                                Polling tick — active_jobs=0
2026-03-09T08:32:52  INFO      app.poller                                Polling tick — active_jobs=0
2026-03-09T08:32:58  INFO      app.poller                                Polling tick — active_jobs=0
2026-03-09T08:33:04  INFO      app.poller                                Polling tick — active_jobs=0
2026-03-09T08:33:11  INFO      app.poller                                Polling tick — active_jobs=0
2026-03-09T08:33:17  INFO      app.poller                                Polling tick — active_jobs=0
2026-03-09T08:33:23  INFO      app.poller                                Polling tick — active_jobs=0
2026-03-09T08:33:29  INFO      app.poller                                Polling tick — active_jobs=0
2026-03-09T08:33:36  INFO      app.poller                                Polling tick — active_jobs=0
2026-03-09T08:33:42  INFO      app.poller                                Polling tick — active_jobs=0
2026-03-09T08:33:48  INFO      app.poller                                Polling tick — active_jobs=0
2026-03-09T08:33:54  INFO      app.poller                                Polling tick — active_jobs=0
2026-03-09T08:34:01  INFO      app.poller                                Polling tick — active_jobs=0
2026-03-09T08:34:07  INFO      app.poller                                Polling tick — active_jobs=0
2026-03-09T08:34:13  INFO      app.poller                                Polling tick — active_jobs=0
2026-03-09T08:34:19  INFO      app.poller                                Polling tick — active_jobs=0
2026-03-09T08:34:26  INFO      app.poller                                Polling tick — active_jobs=0
2026-03-09T08:34:32  INFO      app.poller                                Polling tick — active_jobs=0
2026-03-09T08:34:38  INFO      app.poller                                Polling tick — active_jobs=0
2026-03-09T08:34:44  INFO      app.poller                                Polling tick — active_jobs=0
2026-03-09T08:34:51  INFO      app.poller                                Polling tick — active_jobs=0
2026-03-09T08:34:57  INFO      app.poller                                Polling tick — active_jobs=0
2026-03-09T08:35:03  INFO      app.poller                                Polling tick — active_jobs=0
2026-03-09T08:35:09  INFO      app.poller                                Polling tick — active_jobs=0
2026-03-09T08:35:16  INFO      app.poller                                Polling tick — active_jobs=0
2026-03-09T08:35:22  INFO      app.poller                                Polling tick — active_jobs=0
2026-03-09T08:35:28  INFO      app.poller                                Polling tick — active_jobs=0
2026-03-09T08:35:34  INFO      app.poller                                Polling tick — active_jobs=0
2026-03-09T08:35:41  INFO      app.poller                                Polling tick — active_jobs=0
2026-03-09T08:35:47  INFO      app.poller                                Polling tick — active_jobs=0
2026-03-09T08:35:53  INFO      app.poller                                Polling tick — active_jobs=0
2026-03-09T08:35:59  INFO      app.poller                                Polling tick — active_jobs=0
2026-03-09T08:36:06  INFO      app.poller                                Polling tick — active_jobs=0
2026-03-09T08:36:12  INFO      app.poller                                Polling tick — active_jobs=0
2026-03-09T08:36:18  INFO      app.poller                                Polling tick — active_jobs=0
2026-03-09T08:36:24  INFO      app.poller                                Polling tick — active_jobs=0
2026-03-09T08:36:31  INFO      app.poller                                Polling tick — active_jobs=0
2026-03-09T08:36:37  INFO      app.poller                                Polling tick — active_jobs=0
2026-03-09T08:36:43  INFO      app.poller                                Polling tick — active_jobs=0
2026-03-09T08:36:49  INFO      app.poller                                Polling tick — active_jobs=0
2026-03-09T08:36:56  INFO      app.poller                                Polling tick — active_jobs=0
2026-03-09T08:37:02  INFO      app.poller                                Polling tick — active_jobs=0
2026-03-09T08:37:08  INFO      app.poller                                Polling tick — active_jobs=0
2026-03-09T08:37:14  INFO      app.poller                                Polling tick — active_jobs=0
2026-03-09T08:37:21  INFO      app.poller                                Polling tick — active_jobs=0
2026-03-09T08:37:27  INFO      app.poller                                Polling tick — active_jobs=0
2026-03-09T08:37:33  INFO      app.poller                                Polling tick — active_jobs=0
2026-03-09T08:37:39  INFO      app.poller                                Polling tick — active_jobs=0
2026-03-09T08:37:46  INFO      app.poller                                Polling tick — active_jobs=0
2026-03-09T08:37:52  INFO      app.poller                                Polling tick — active_jobs=0
2026-03-09T08:37:58  INFO      app.poller                                Polling tick — active_jobs=0
2026-03-09T08:38:04  INFO      app.poller                                Polling tick — active_jobs=0
2026-03-09T08:38:11  INFO      app.poller                                Polling tick — active_jobs=0
2026-03-09T08:38:17  INFO      app.poller                                Polling tick — active_jobs=0
2026-03-09T08:38:23  INFO      app.poller                                Polling tick — active_jobs=0
2026-03-09T08:38:29  INFO      app.poller                                Polling tick — active_jobs=0
2026-03-09T08:38:36  INFO      app.poller                                Polling tick — active_jobs=0
2026-03-09T08:38:42  INFO      app.poller                                Polling tick — active_jobs=0
2026-03-09T08:38:48  INFO      app.poller                                Polling tick — active_jobs=0
2026-03-09T08:38:54  INFO      app.poller                                Polling tick — active_jobs=0
2026-03-09T08:39:01  INFO      app.poller                                Polling tick — active_jobs=0
2026-03-09T08:39:07  INFO      app.poller                                Polling tick — active_jobs=0
2026-03-09T08:39:13  INFO      app.poller                                Polling tick — active_jobs=0
2026-03-09T08:39:20  INFO      app.poller                                Polling tick — active_jobs=0
2026-03-09T08:39:26  INFO      app.poller                                Polling tick — active_jobs=0
2026-03-09T08:39:32  INFO      app.poller                                Polling tick — active_jobs=0
2026-03-09T08:39:38  INFO      app.poller                                Polling tick — active_jobs=0
2026-03-09T08:39:45  INFO      app.poller                                Polling tick — active_jobs=0
2026-03-09T08:39:51  INFO      app.poller                                Polling tick — active_jobs=0
2026-03-09T08:39:57  INFO      app.poller                                Polling tick — active_jobs=0
2026-03-09T08:40:03  INFO      app.poller                                Polling tick — active_jobs=0
2026-03-09T08:40:10  INFO      app.poller                                Polling tick — active_jobs=0
2026-03-09T09:05:42  INFO      app.poller                                Polling tick — active_jobs=0
2026-03-09T09:05:50  INFO      app.poller                                Polling tick — active_jobs=0
2026-03-09T09:05:57  INFO      app.poller                                Polling tick — active_jobs=0
2026-03-09T09:06:03  INFO      app.poller                                Polling tick — active_jobs=0
2026-03-09T09:06:09  INFO      app.poller                                Polling tick — active_jobs=0
2026-03-09T09:06:16  INFO      app.poller                                Polling tick — active_jobs=0
2026-03-09T09:06:22  INFO      app.poller                                Polling tick — active_jobs=0
2026-03-09T09:06:28  INFO      app.poller                                Polling tick — active_jobs=0
2026-03-09T09:06:34  INFO      app.poller                                Polling tick — active_jobs=0
2026-03-09T09:06:41  INFO      app.poller                                Polling tick — active_jobs=0
2026-03-09T09:06:47  INFO      app.poller                                Polling tick — active_jobs=0
2026-03-09T09:06:53  INFO      app.poller                                Polling tick — active_jobs=0
2026-03-09T09:06:59  INFO      app.poller                                Polling tick — active_jobs=0
2026-03-09T09:07:06  INFO      app.poller                                Polling tick — active_jobs=0
2026-03-09T09:07:12  INFO      app.poller                                Polling tick — active_jobs=0
2026-03-09T09:07:18  INFO      app.poller                                Polling tick — active_jobs=0
2026-03-09T09:07:24  INFO      app.poller                                Polling tick — active_jobs=0
2026-03-09T09:07:31  INFO      app.poller                                Polling tick — active_jobs=0
2026-03-09T09:07:37  INFO      app.poller                                Polling tick — active_jobs=0
2026-03-09T09:07:43  INFO      app.poller                                Polling tick — active_jobs=0
2026-03-09T09:07:50  INFO      app.poller                                Polling tick — active_jobs=0
2026-03-09T09:07:56  INFO      app.poller                                Polling tick — active_jobs=0
2026-03-09T09:08:02  INFO      app.poller                                Polling tick — active_jobs=0
2026-03-09T09:08:08  INFO      app.poller                                Polling tick — active_jobs=0
2026-03-09T09:08:15  INFO      app.poller                                Polling tick — active_jobs=0
2026-03-09T09:08:21  INFO      app.poller                                Polling tick — active_jobs=0
2026-03-09T09:08:27  INFO      app.poller                                Polling tick — active_jobs=0
2026-03-09T09:08:33  INFO      app.poller                                Polling tick — active_jobs=0
2026-03-09T09:08:40  INFO      app.poller                                Polling tick — active_jobs=0
2026-03-09T09:08:46  INFO      app.poller                                Polling tick — active_jobs=0
2026-03-09T09:08:52  INFO      app.poller                                Polling tick — active_jobs=0
2026-03-09T09:08:59  INFO      app.poller                                Polling tick — active_jobs=0
2026-03-09T09:09:05  INFO      app.poller                                Polling tick — active_jobs=0
2026-03-09T09:09:11  INFO      app.poller                                Polling tick — active_jobs=0
2026-03-09T09:09:17  INFO      app.poller                                Polling tick — active_jobs=0
2026-03-09T09:09:24  INFO      app.poller                                Polling tick — active_jobs=0
2026-03-09T09:09:30  INFO      app.poller                                Polling tick — active_jobs=0
2026-03-09T09:09:36  INFO      app.poller                                Polling tick — active_jobs=0
2026-03-09T09:09:42  INFO      app.poller                                Polling tick — active_jobs=0
2026-03-09T09:09:49  INFO      app.poller                                Polling tick — active_jobs=0
2026-03-09T09:09:55  INFO      app.poller                                Polling tick — active_jobs=0
2026-03-09T09:10:01  INFO      app.poller                                Polling tick — active_jobs=0
2026-03-09T09:10:07  INFO      app.poller                                Polling tick — active_jobs=0
2026-03-09T09:10:14  INFO      app.poller                                Polling tick — active_jobs=0
2026-03-09T09:10:20  INFO      app.poller                                Polling tick — active_jobs=0
2026-03-09T09:10:26  INFO      app.poller                                Polling tick — active_jobs=0
2026-03-09T09:10:32  INFO      app.poller                                Polling tick — active_jobs=0
2026-03-09T09:10:39  INFO      app.poller                                Polling tick — active_jobs=0
2026-03-09T09:10:45  INFO      app.poller                                Polling tick — active_jobs=0
2026-03-09T09:10:51  INFO      app.poller                                Polling tick — active_jobs=0
2026-03-09T09:10:58  INFO      app.poller                                Polling tick — active_jobs=0
2026-03-09T09:11:04  INFO      app.poller                                Polling tick — active_jobs=0
2026-03-09T09:11:10  INFO      app.poller                                Polling tick — active_jobs=0
2026-03-09T09:11:17  INFO      app.poller                                Polling tick — active_jobs=0
2026-03-09T09:11:23  INFO      app.poller                                Polling tick — active_jobs=0
2026-03-09T09:11:29  INFO      app.poller                                Polling tick — active_jobs=0
2026-03-09T09:11:35  INFO      app.poller                                Polling tick — active_jobs=0
2026-03-09T09:11:42  INFO      app.poller                                Polling tick — active_jobs=0
2026-03-09T09:11:48  INFO      app.poller                                Polling tick — active_jobs=0
2026-03-09T09:11:54  INFO      app.poller                                Polling tick — active_jobs=0
2026-03-09T09:12:00  INFO      app.poller                                Polling tick — active_jobs=0
2026-03-09T09:12:07  INFO      app.poller                                Polling tick — active_jobs=0
2026-03-09T09:12:13  INFO      app.poller                                Polling tick — active_jobs=0
2026-03-09T09:12:19  INFO      app.poller                                Polling tick — active_jobs=0
2026-03-09T09:12:25  INFO      app.poller                                Polling tick — active_jobs=0
2026-03-09T09:12:32  INFO      app.poller                                Polling tick — active_jobs=0
2026-03-09T09:12:38  INFO      app.poller                                Polling tick — active_jobs=0
2026-03-09T09:12:44  INFO      app.poller                                Polling tick — active_jobs=0
2026-03-09T09:12:50  INFO      app.poller                                Polling tick — active_jobs=0
2026-03-09T09:12:57  INFO      app.poller                                Polling tick — active_jobs=0
2026-03-09T09:13:03  INFO      app.poller                                Polling tick — active_jobs=0
2026-03-09T09:13:09  INFO      app.poller                                Polling tick — active_jobs=0
2026-03-09T09:13:15  INFO      app.poller                                Polling tick — active_jobs=0
2026-03-09T09:13:22  INFO      app.poller                                Polling tick — active_jobs=0
2026-03-09T09:13:28  INFO      app.poller                                Polling tick — active_jobs=0
2026-03-09T09:13:34  INFO      app.poller                                Polling tick — active_jobs=0
2026-03-09T09:13:41  INFO      app.poller                                Polling tick — active_jobs=0
2026-03-09T09:13:47  INFO      app.poller                                Polling tick — active_jobs=0
2026-03-09T09:13:53  INFO      app.poller                                Polling tick — active_jobs=0
2026-03-09T09:13:59  INFO      app.poller                                Polling tick — active_jobs=0
2026-03-09T09:14:06  INFO      app.poller                                Polling tick — active_jobs=0
2026-03-09T09:14:12  INFO      app.poller                                Polling tick — active_jobs=0
2026-03-09T09:14:18  INFO      app.poller                                Polling tick — active_jobs=0
2026-03-09T09:14:24  INFO      app.poller                                Polling tick — active_jobs=0
2026-03-09T09:14:31  INFO      app.poller                                Polling tick — active_jobs=0
2026-03-09T09:14:37  INFO      app.poller                                Polling tick — active_jobs=0
2026-03-09T09:14:43  INFO      app.poller                                Polling tick — active_jobs=0
2026-03-09T09:14:49  INFO      app.poller                                Polling tick — active_jobs=0
2026-03-09T09:14:56  INFO      app.poller                                Polling tick — active_jobs=0
2026-03-09T09:15:02  INFO      app.poller                                Polling tick — active_jobs=0
2026-03-09T09:15:08  INFO      app.poller                                Polling tick — active_jobs=0
2026-03-09T09:15:14  INFO      app.poller                                Polling tick — active_jobs=0
2026-03-09T09:15:21  INFO      app.poller                                Polling tick — active_jobs=0
2026-03-09T09:15:27  INFO      app.poller                                Polling tick — active_jobs=0
2026-03-09T09:15:33  INFO      app.poller                                Polling tick — active_jobs=0
2026-03-09T09:15:40  INFO      app.poller                                Polling tick — active_jobs=0
2026-03-09T09:15:46  INFO      app.poller                                Polling tick — active_jobs=0
2026-03-09T09:15:52  INFO      app.poller                                Polling tick — active_jobs=0
2026-03-09T09:15:58  INFO      app.poller                                Polling tick — active_jobs=0
2026-03-09T09:16:05  INFO      app.poller                                Polling tick — active_jobs=0
2026-03-09T09:16:11  INFO      app.poller                                Polling tick — active_jobs=0
2026-03-09T09:16:17  INFO      app.poller                                Polling tick — active_jobs=0
2026-03-09T09:16:23  INFO      app.poller                                Polling tick — active_jobs=0
2026-03-09T09:16:30  INFO      app.poller                                Polling tick — active_jobs=0
2026-03-09T09:16:36  INFO      app.poller                                Polling tick — active_jobs=0
2026-03-09T09:16:42  INFO      app.poller                                Polling tick — active_jobs=0
2026-03-09T09:16:48  INFO      app.poller                                Polling tick — active_jobs=0
2026-03-09T09:16:55  INFO      app.poller                                Polling tick — active_jobs=0
2026-03-09T09:17:01  INFO      app.poller                                Polling tick — active_jobs=0
2026-03-09T09:17:07  INFO      app.poller                                Polling tick — active_jobs=0
2026-03-09T09:17:13  INFO      app.poller                                Polling tick — active_jobs=0
2026-03-09T09:17:20  INFO      app.poller                                Polling tick — active_jobs=0
2026-03-09T09:17:26  INFO      app.poller                                Polling tick — active_jobs=0
2026-03-09T09:17:32  INFO      app.poller                                Polling tick — active_jobs=0
2026-03-09T09:17:39  INFO      app.poller                                Polling tick — active_jobs=0
2026-03-09T09:17:45  INFO      app.poller                                Polling tick — active_jobs=0
2026-03-09T09:17:51  INFO      app.poller                                Polling tick — active_jobs=0
2026-03-09T09:17:57  INFO      app.poller                                Polling tick — active_jobs=0
2026-03-09T09:18:04  INFO      app.poller                                Polling tick — active_jobs=0
2026-03-09T09:18:10  INFO      app.poller                                Polling tick — active_jobs=0
2026-03-09T09:18:16  INFO      app.poller                                Polling tick — active_jobs=0
2026-03-09T09:18:22  INFO      app.poller                                Polling tick — active_jobs=0
2026-03-09T09:18:29  INFO      app.poller                                Polling tick — active_jobs=0
2026-03-09T09:18:35  INFO      app.poller                                Polling tick — active_jobs=0
2026-03-09T09:18:41  INFO      app.poller                                Polling tick — active_jobs=0
2026-03-09T09:18:47  INFO      app.poller                                Polling tick — active_jobs=0
2026-03-09T09:18:54  INFO      app.poller                                Polling tick — active_jobs=0
2026-03-09T09:19:00  INFO      app.poller                                Polling tick — active_jobs=0
2026-03-09T09:19:06  INFO      app.poller                                Polling tick — active_jobs=0
2026-03-09T09:19:12  INFO      app.poller                                Polling tick — active_jobs=0
2026-03-09T09:19:19  INFO      app.poller                                Polling tick — active_jobs=0
2026-03-09T09:19:25  INFO      app.poller                                Polling tick — active_jobs=0
2026-03-09T09:19:31  INFO      app.poller                                Polling tick — active_jobs=0
2026-03-09T09:19:37  INFO      app.poller                                Polling tick — active_jobs=0
2026-03-09T09:19:44  INFO      app.poller                                Polling tick — active_jobs=0
2026-03-09T09:19:50  INFO      app.poller                                Polling tick — active_jobs=0
2026-03-09T09:19:56  INFO      app.poller                                Polling tick — active_jobs=0
2026-03-09T09:20:03  INFO      app.poller                                Polling tick — active_jobs=0
2026-03-09T09:20:09  INFO      app.poller                                Polling tick — active_jobs=0
2026-03-09T09:20:15  INFO      app.poller                                Polling tick — active_jobs=0
2026-03-09T09:20:21  INFO      app.poller                                Polling tick — active_jobs=0
2026-03-09T09:20:28  INFO      app.poller                                Polling tick — active_jobs=0
2026-03-09T09:20:34  INFO      app.poller                                Polling tick — active_jobs=0
2026-03-09T09:20:40  INFO      app.poller                                Polling tick — active_jobs=0
2026-03-09T09:20:46  INFO      app.poller                                Polling tick — active_jobs=0
2026-03-09T09:20:53  INFO      app.poller                                Polling tick — active_jobs=0
2026-03-09T09:20:59  INFO      app.poller                                Polling tick — active_jobs=0
2026-03-09T09:21:06  INFO      app.poller                                Polling tick — active_jobs=0
2026-03-09T09:21:12  INFO      app.poller                                Polling tick — active_jobs=0
2026-03-09T09:21:18  INFO      app.poller                                Polling tick — active_jobs=0
2026-03-09T09:21:24  INFO      app.poller                                Polling tick — active_jobs=0
2026-03-09T09:21:31  INFO      app.poller                                Polling tick — active_jobs=0
2026-03-09T09:21:37  INFO      app.poller                                Polling tick — active_jobs=0
2026-03-09T09:21:43  INFO      app.poller                                Polling tick — active_jobs=0
2026-03-09T09:21:49  INFO      app.poller                                Polling tick — active_jobs=0
2026-03-09T09:21:56  INFO      app.poller                                Polling tick — active_jobs=0
2026-03-09T09:22:02  INFO      app.poller                                Polling tick — active_jobs=0
2026-03-09T09:22:08  INFO      app.poller                                Polling tick — active_jobs=0
2026-03-09T09:22:14  INFO      app.poller                                Polling tick — active_jobs=0
2026-03-09T09:22:21  INFO      app.poller                                Polling tick — active_jobs=0
2026-03-09T09:22:27  INFO      app.poller                                Polling tick — active_jobs=0
2026-03-09T09:22:33  INFO      app.poller                                Polling tick — active_jobs=0
2026-03-09T09:22:39  INFO      app.poller                                Polling tick — active_jobs=0
2026-03-09T09:22:46  INFO      app.poller                                Polling tick — active_jobs=0
2026-03-09T09:22:52  INFO      app.poller                                Polling tick — active_jobs=0
2026-03-09T09:22:58  INFO      app.poller                                Polling tick — active_jobs=0
2026-03-09T09:23:05  INFO      app.poller                                Polling tick — active_jobs=0
2026-03-09T09:23:11  INFO      app.poller                                Polling tick — active_jobs=0
2026-03-09T09:23:17  INFO      app.poller                                Polling tick — active_jobs=0
2026-03-09T09:23:23  INFO      app.poller                                Polling tick — active_jobs=0
2026-03-09T09:23:30  INFO      app.poller                                Polling tick — active_jobs=0
2026-03-09T09:23:36  INFO      app.poller                                Polling tick — active_jobs=0
2026-03-09T09:23:42  INFO      app.poller                                Polling tick — active_jobs=0
2026-03-09T09:23:48  INFO      app.poller                                Polling tick — active_jobs=0
2026-03-09T09:23:55  INFO      app.poller                                Polling tick — active_jobs=0
2026-03-09T09:24:01  INFO      app.poller                                Polling tick — active_jobs=0
2026-03-09T09:24:07  INFO      app.poller                                Polling tick — active_jobs=0
2026-03-09T09:24:13  INFO      app.poller                                Polling tick — active_jobs=0
2026-03-09T09:24:20  INFO      app.poller                                Polling tick — active_jobs=0
2026-03-09T09:24:26  INFO      app.poller                                Polling tick — active_jobs=0
2026-03-09T09:24:32  INFO      app.poller                                Polling tick — active_jobs=0
2026-03-09T09:24:39  INFO      app.poller                                Polling tick — active_jobs=0
2026-03-09T09:24:45  INFO      app.poller                                Polling tick — active_jobs=0
2026-03-09T09:24:51  INFO      app.poller                                Polling tick — active_jobs=0
2026-03-09T09:24:57  INFO      app.poller                                Polling tick — active_jobs=0
2026-03-09T09:25:04  INFO      app.poller                                Polling tick — active_jobs=0
2026-03-09T09:25:10  INFO      app.poller                                Polling tick — active_jobs=0
2026-03-09T09:25:16  INFO      app.poller                                Polling tick — active_jobs=0
2026-03-09T09:25:22  INFO      app.poller                                Polling tick — active_jobs=0
2026-03-09T09:25:29  INFO      app.poller                                Polling tick — active_jobs=0
2026-03-09T09:25:35  INFO      app.poller                                Polling tick — active_jobs=0
2026-03-09T09:25:41  INFO      app.poller                                Polling tick — active_jobs=0
2026-03-09T09:25:47  INFO      app.poller                                Polling tick — active_jobs=0
2026-03-09T09:25:54  INFO      app.poller                                Polling tick — active_jobs=0
2026-03-09T09:26:00  INFO      app.poller                                Polling tick — active_jobs=0
2026-03-09T09:26:06  INFO      app.poller                                Polling tick — active_jobs=0
2026-03-09T09:26:12  INFO      app.poller                                Polling tick — active_jobs=0
2026-03-09T09:26:19  INFO      app.poller                                Polling tick — active_jobs=0
2026-03-09T09:26:25  INFO      app.poller                                Polling tick — active_jobs=0
2026-03-09T09:26:31  INFO      app.poller                                Polling tick — active_jobs=0
2026-03-09T09:26:38  INFO      app.poller                                Polling tick — active_jobs=0
2026-03-09T09:26:44  INFO      app.poller                                Polling tick — active_jobs=0
2026-03-09T09:26:50  INFO      app.poller                                Polling tick — active_jobs=0
2026-03-09T09:26:57  INFO      app.poller                                Polling tick — active_jobs=0
2026-03-09T09:27:03  INFO      app.poller                                Polling tick — active_jobs=0
2026-03-09T09:27:10  INFO      app.poller                                Polling tick — active_jobs=0
2026-03-09T09:27:16  INFO      app.poller                                Polling tick — active_jobs=0
2026-03-09T09:27:23  INFO      app.poller                                Polling tick — active_jobs=0
2026-03-09T09:27:29  INFO      app.poller                                Polling tick — active_jobs=0
2026-03-09T09:27:36  INFO      app.poller                                Polling tick — active_jobs=0
2026-03-09T09:27:42  INFO      app.poller                                Polling tick — active_jobs=0
2026-03-09T09:27:49  INFO      app.poller                                Polling tick — active_jobs=0
2026-03-09T09:27:55  INFO      app.poller                                Polling tick — active_jobs=0
2026-03-09T09:28:01  INFO      app.poller                                Polling tick — active_jobs=0
2026-03-09T09:28:08  INFO      app.poller                                Polling tick — active_jobs=0
2026-03-09T09:28:14  INFO      app.poller                                Polling tick — active_jobs=0
2026-03-09T09:28:21  INFO      app.poller                                Polling tick — active_jobs=0
2026-03-09T09:28:27  INFO      app.poller                                Polling tick — active_jobs=0
2026-03-09T09:28:34  INFO      app.poller                                Polling tick — active_jobs=0
2026-03-09T09:28:40  INFO      app.poller                                Polling tick — active_jobs=0
2026-03-09T09:28:46  INFO      app.poller                                Polling tick — active_jobs=0
2026-03-09T09:28:53  INFO      app.poller                                Polling tick — active_jobs=0
2026-03-09T09:29:00  INFO      app.poller                                Polling tick — active_jobs=0
2026-03-09T09:29:06  INFO      app.poller                                Polling tick — active_jobs=0
2026-03-09T09:29:12  INFO      app.poller                                Polling tick — active_jobs=0
2026-03-09T09:29:19  INFO      app.poller                                Polling tick — active_jobs=0
2026-03-09T09:29:26  INFO      app.poller                                Polling tick — active_jobs=0
2026-03-09T09:29:32  INFO      app.poller                                Polling tick — active_jobs=0
2026-03-09T09:29:38  INFO      app.poller                                Polling tick — active_jobs=0
2026-03-09T09:29:45  INFO      app.poller                                Polling tick — active_jobs=0
2026-03-09T09:29:51  INFO      app.poller                                Polling tick — active_jobs=0
2026-03-09T09:29:57  INFO      app.poller                                Polling tick — active_jobs=0
2026-03-09T09:30:03  INFO      app.poller                                Polling tick — active_jobs=0
2026-03-09T09:30:10  INFO      app.poller                                Polling tick — active_jobs=0
2026-03-09T09:30:16  INFO      app.poller                                Polling tick — active_jobs=0
2026-03-09T09:30:22  INFO      app.poller                                Polling tick — active_jobs=0
2026-03-09T09:30:29  INFO      app.poller                                Polling tick — active_jobs=0
2026-03-09T09:30:35  INFO      app.poller                                Polling tick — active_jobs=0
2026-03-09T09:30:41  INFO      app.poller                                Polling tick — active_jobs=0
2026-03-09T09:30:48  INFO      app.poller                                Polling tick — active_jobs=0
2026-03-09T09:30:54  INFO      app.poller                                Polling tick — active_jobs=0
2026-03-09T09:31:00  INFO      app.poller                                Polling tick — active_jobs=0
2026-03-09T09:31:07  INFO      app.poller                                Polling tick — active_jobs=0
2026-03-09T09:31:13  INFO      app.poller                                Polling tick — active_jobs=0
2026-03-09T09:31:20  INFO      app.poller                                Polling tick — active_jobs=0
2026-03-09T09:31:26  INFO      app.poller                                Polling tick — active_jobs=0
2026-03-09T09:31:32  INFO      app.poller                                Polling tick — active_jobs=0
2026-03-09T09:31:38  INFO      app.poller                                Polling tick — active_jobs=0
2026-03-09T09:31:45  INFO      app.poller                                Polling tick — active_jobs=0
2026-03-09T09:31:51  INFO      app.poller                                Polling tick — active_jobs=0
2026-03-09T09:31:57  INFO      app.poller                                Polling tick — active_jobs=0
2026-03-09T09:32:03  INFO      app.poller                                Polling tick — active_jobs=0
2026-03-09T09:32:10  INFO      app.poller                                Polling tick — active_jobs=0
2026-03-09T09:32:16  INFO      app.poller                                Polling tick — active_jobs=0
2026-03-09T09:32:22  INFO      app.poller                                Polling tick — active_jobs=0
2026-03-09T09:32:28  INFO      app.poller                                Polling tick — active_jobs=0
2026-03-09T09:32:35  INFO      app.poller                                Polling tick — active_jobs=0
2026-03-09T09:32:41  INFO      app.poller                                Polling tick — active_jobs=0
2026-03-09T09:32:47  INFO      app.poller                                Polling tick — active_jobs=0
2026-03-09T09:32:53  INFO      app.poller                                Polling tick — active_jobs=0
2026-03-09T09:33:00  INFO      app.poller                                Polling tick — active_jobs=0
2026-03-09T09:33:06  INFO      app.poller                                Polling tick — active_jobs=0
2026-03-09T09:33:12  INFO      app.poller                                Polling tick — active_jobs=0
2026-03-09T09:33:19  INFO      app.poller                                Polling tick — active_jobs=0
2026-03-09T09:33:25  INFO      app.poller                                Polling tick — active_jobs=0
2026-03-09T09:33:31  INFO      app.poller                                Polling tick — active_jobs=0
2026-03-09T09:33:37  INFO      app.poller                                Polling tick — active_jobs=0
2026-03-09T09:33:44  INFO      app.poller                                Polling tick — active_jobs=0
2026-03-09T09:33:50  INFO      app.poller                                Polling tick — active_jobs=0
2026-03-09T09:33:56  INFO      app.poller                                Polling tick — active_jobs=0
2026-03-09T09:34:02  INFO      app.poller                                Polling tick — active_jobs=0
2026-03-09T09:34:09  INFO      app.poller                                Polling tick — active_jobs=0
2026-03-09T09:34:15  INFO      app.poller                                Polling tick — active_jobs=0
2026-03-09T09:34:21  INFO      app.poller                                Polling tick — active_jobs=0
2026-03-09T09:34:27  INFO      app.poller                                Polling tick — active_jobs=0
2026-03-09T09:34:34  INFO      app.poller                                Polling tick — active_jobs=0
2026-03-09T09:34:40  INFO      app.poller                                Polling tick — active_jobs=0
2026-03-09T09:34:46  INFO      app.poller                                Polling tick — active_jobs=0
2026-03-09T09:34:52  INFO      app.poller                                Polling tick — active_jobs=0
2026-03-09T09:34:59  INFO      app.poller                                Polling tick — active_jobs=0
2026-03-09T09:35:05  INFO      app.poller                                Polling tick — active_jobs=0
2026-03-09T09:35:11  INFO      app.poller                                Polling tick — active_jobs=0
2026-03-09T09:35:17  INFO      app.poller                                Polling tick — active_jobs=0
2026-03-09T09:35:24  INFO      app.poller                                Polling tick — active_jobs=0
2026-03-09T09:35:30  INFO      app.poller                                Polling tick — active_jobs=0
2026-03-09T09:35:36  INFO      app.poller                                Polling tick — active_jobs=0
2026-03-09T09:35:43  INFO      app.poller                                Polling tick — active_jobs=0
2026-03-09T09:35:49  INFO      app.poller                                Polling tick — active_jobs=0
2026-03-09T09:35:55  INFO      app.poller                                Polling tick — active_jobs=0
2026-03-09T09:36:01  INFO      app.poller                                Polling tick — active_jobs=0
2026-03-09T09:36:08  INFO      app.poller                                Polling tick — active_jobs=0
2026-03-09T09:36:14  INFO      app.poller                                Polling tick — active_jobs=0
2026-03-09T09:36:20  INFO      app.poller                                Polling tick — active_jobs=0
2026-03-09T09:36:26  INFO      app.poller                                Polling tick — active_jobs=0
2026-03-09T09:36:33  INFO      app.poller                                Polling tick — active_jobs=0
2026-03-09T09:36:39  INFO      app.poller                                Polling tick — active_jobs=0
2026-03-09T09:36:45  INFO      app.poller                                Polling tick — active_jobs=0
2026-03-09T09:36:51  INFO      app.poller                                Polling tick — active_jobs=0
2026-03-09T09:36:58  INFO      app.poller                                Polling tick — active_jobs=0
2026-03-09T09:37:04  INFO      app.poller                                Polling tick — active_jobs=0
2026-03-09T09:37:10  INFO      app.poller                                Polling tick — active_jobs=0
2026-03-09T09:37:16  INFO      app.poller                                Polling tick — active_jobs=0
2026-03-09T09:37:23  INFO      app.poller                                Polling tick — active_jobs=0
2026-03-09T09:37:29  INFO      app.poller                                Polling tick — active_jobs=0
2026-03-09T09:37:35  INFO      app.poller                                Polling tick — active_jobs=0
2026-03-09T09:37:42  INFO      app.poller                                Polling tick — active_jobs=0
2026-03-09T09:37:48  INFO      app.poller                                Polling tick — active_jobs=0
2026-03-09T09:37:54  INFO      app.poller                                Polling tick — active_jobs=0
2026-03-09T09:38:00  INFO      app.poller                                Polling tick — active_jobs=0
2026-03-09T09:38:07  INFO      app.poller                                Polling tick — active_jobs=0
2026-03-09T09:38:13  INFO      app.poller                                Polling tick — active_jobs=0
2026-03-09T09:38:19  INFO      app.poller                                Polling tick — active_jobs=0
2026-03-09T09:38:25  INFO      app.poller                                Polling tick — active_jobs=0
2026-03-09T09:38:32  INFO      app.poller                                Polling tick — active_jobs=0
2026-03-09T09:38:38  INFO      app.poller                                Polling tick — active_jobs=0
2026-03-09T09:38:44  INFO      app.poller                                Polling tick — active_jobs=0
2026-03-09T09:38:50  INFO      app.poller                                Polling tick — active_jobs=0
2026-03-09T09:38:57  INFO      app.poller                                Polling tick — active_jobs=0
2026-03-09T09:39:03  INFO      app.poller                                Polling tick — active_jobs=0
2026-03-09T09:39:09  INFO      app.poller                                Polling tick — active_jobs=0
2026-03-09T09:39:15  INFO      app.poller                                Polling tick — active_jobs=0
2026-03-09T09:39:22  INFO      app.poller                                Polling tick — active_jobs=0
2026-03-09T09:39:28  INFO      app.poller                                Polling tick — active_jobs=0
2026-03-09T09:39:34  INFO      app.poller                                Polling tick — active_jobs=0
2026-03-09T09:39:40  INFO      app.poller                                Polling tick — active_jobs=0
2026-03-09T09:39:47  INFO      app.poller                                Polling tick — active_jobs=0
2026-03-09T09:39:53  INFO      app.poller                                Polling tick — active_jobs=0
2026-03-09T09:39:59  INFO      app.poller                                Polling tick — active_jobs=0
2026-03-09T09:40:05  INFO      app.poller                                Polling tick — active_jobs=0
2026-03-09T09:40:12  INFO      app.poller                                Polling tick — active_jobs=0
2026-03-09T09:40:18  INFO      app.poller                                Polling tick — active_jobs=0
2026-03-09T09:40:24  INFO      app.poller                                Polling tick — active_jobs=0
2026-03-09T09:40:30  INFO      app.poller                                Polling tick — active_jobs=0
2026-03-09T09:40:37  INFO      app.poller                                Polling tick — active_jobs=0
2026-03-09T09:40:43  INFO      app.poller                                Polling tick — active_jobs=0
2026-03-09T09:40:49  INFO      app.poller                                Polling tick — active_jobs=0
2026-03-09T09:40:55  INFO      app.poller                                Polling tick — active_jobs=0
2026-03-09T09:41:02  INFO      app.poller                                Polling tick — active_jobs=0
2026-03-09T09:41:08  INFO      app.poller                                Polling tick — active_jobs=0
2026-03-09T09:41:14  INFO      app.poller                                Polling tick — active_jobs=0
2026-03-09T09:41:20  INFO      app.poller                                Polling tick — active_jobs=0
2026-03-09T09:41:27  INFO      app.poller                                Polling tick — active_jobs=0
2026-03-09T09:41:33  INFO      app.poller                                Polling tick — active_jobs=0
2026-03-09T09:41:39  INFO      app.poller                                Polling tick — active_jobs=0
2026-03-09T09:41:46  INFO      app.poller                                Polling tick — active_jobs=0
2026-03-09T09:41:52  INFO      app.poller                                Polling tick — active_jobs=0
2026-03-09T09:41:58  INFO      app.poller                                Polling tick — active_jobs=0
2026-03-09T09:42:04  INFO      app.poller                                Polling tick — active_jobs=0
2026-03-09T09:42:11  INFO      app.poller                                Polling tick — active_jobs=0
2026-03-09T09:42:17  INFO      app.poller                                Polling tick — active_jobs=0
2026-03-09T09:42:23  INFO      app.poller                                Polling tick — active_jobs=0
2026-03-09T09:42:29  INFO      app.poller                                Polling tick — active_jobs=0
2026-03-09T09:42:36  INFO      app.poller                                Polling tick — active_jobs=0
2026-03-09T09:42:42  INFO      app.poller                                Polling tick — active_jobs=0
2026-03-09T09:42:48  INFO      app.poller                                Polling tick — active_jobs=0
2026-03-09T09:42:54  INFO      app.poller                                Polling tick — active_jobs=0
2026-03-09T09:43:01  INFO      app.poller                                Polling tick — active_jobs=0
2026-03-09T09:43:07  INFO      app.poller                                Polling tick — active_jobs=0
2026-03-09T09:43:13  INFO      app.poller                                Polling tick — active_jobs=0
2026-03-09T09:43:19  INFO      app.poller                                Polling tick — active_jobs=0
2026-03-09T09:43:26  INFO      app.poller                                Polling tick — active_jobs=0
2026-03-09T09:43:32  INFO      app.poller                                Polling tick — active_jobs=0
2026-03-09T09:43:38  INFO      app.poller                                Polling tick — active_jobs=0
2026-03-09T09:43:44  INFO      app.poller                                Polling tick — active_jobs=0
2026-03-09T09:43:51  INFO      app.poller                                Polling tick — active_jobs=0
2026-03-09T09:43:57  INFO      app.poller                                Polling tick — active_jobs=0
2026-03-09T09:44:03  INFO      app.poller                                Polling tick — active_jobs=0
2026-03-09T09:44:10  INFO      app.poller                                Polling tick — active_jobs=0
2026-03-09T09:44:16  INFO      app.poller                                Polling tick — active_jobs=0
2026-03-09T09:44:22  INFO      app.poller                                Polling tick — active_jobs=0
2026-03-09T09:44:28  INFO      app.poller                                Polling tick — active_jobs=0
2026-03-09T09:44:35  INFO      app.poller                                Polling tick — active_jobs=0
2026-03-09T09:44:41  INFO      app.poller                                Polling tick — active_jobs=0
2026-03-09T09:44:47  INFO      app.poller                                Polling tick — active_jobs=0
2026-03-09T09:44:53  INFO      app.poller                                Polling tick — active_jobs=0
2026-03-09T09:45:00  INFO      app.poller                                Polling tick — active_jobs=0
2026-03-09T09:45:06  INFO      app.poller                                Polling tick — active_jobs=0
2026-03-09T09:45:12  INFO      app.poller                                Polling tick — active_jobs=0
2026-03-09T09:45:18  INFO      app.poller                                Polling tick — active_jobs=0
2026-03-09T09:45:25  INFO      app.poller                                Polling tick — active_jobs=0
2026-03-09T09:45:31  INFO      app.poller                                Polling tick — active_jobs=0
2026-03-09T09:45:37  INFO      app.poller                                Polling tick — active_jobs=0
2026-03-09T09:45:43  INFO      app.poller                                Polling tick — active_jobs=0
2026-03-09T09:45:50  INFO      app.poller                                Polling tick — active_jobs=0
2026-03-09T09:45:56  INFO      app.poller                                Polling tick — active_jobs=0
2026-03-09T09:46:02  INFO      app.poller                                Polling tick — active_jobs=0
2026-03-09T09:46:08  INFO      app.poller                                Polling tick — active_jobs=0
2026-03-09T09:46:15  INFO      app.poller                                Polling tick — active_jobs=0
2026-03-09T09:46:21  INFO      app.poller                                Polling tick — active_jobs=0
2026-03-09T09:46:27  INFO      app.poller                                Polling tick — active_jobs=0
2026-03-09T09:46:33  INFO      app.poller                                Polling tick — active_jobs=0
2026-03-09T09:46:40  INFO      app.poller                                Polling tick — active_jobs=0
2026-03-09T09:46:46  INFO      app.poller                                Polling tick — active_jobs=0
2026-03-09T09:46:52  INFO      app.poller                                Polling tick — active_jobs=0
2026-03-09T09:46:59  INFO      app.poller                                Polling tick — active_jobs=0
2026-03-09T09:47:05  INFO      app.poller                                Polling tick — active_jobs=0
2026-03-09T09:47:11  INFO      app.poller                                Polling tick — active_jobs=0
2026-03-09T09:47:17  INFO      app.poller                                Polling tick — active_jobs=0
2026-03-09T09:47:24  INFO      app.poller                                Polling tick — active_jobs=0
2026-03-09T09:47:30  INFO      app.poller                                Polling tick — active_jobs=0
2026-03-09T09:47:36  INFO      app.poller                                Polling tick — active_jobs=0
2026-03-09T09:47:43  INFO      app.poller                                Polling tick — active_jobs=0
2026-03-09T09:47:49  INFO      app.poller                                Polling tick — active_jobs=0
2026-03-09T09:47:55  INFO      app.poller                                Polling tick — active_jobs=0
2026-03-09T09:48:01  INFO      app.poller                                Polling tick — active_jobs=0
2026-03-09T09:48:08  INFO      app.poller                                Polling tick — active_jobs=0
2026-03-09T09:48:14  INFO      app.poller                                Polling tick — active_jobs=0
2026-03-09T09:48:20  INFO      app.poller                                Polling tick — active_jobs=0
2026-03-09T09:48:27  INFO      app.poller                                Polling tick — active_jobs=0
2026-03-09T09:48:33  INFO      app.poller                                Polling tick — active_jobs=0
2026-03-09T09:48:39  INFO      app.poller                                Polling tick — active_jobs=0
2026-03-09T09:48:45  INFO      app.poller                                Polling tick — active_jobs=0
2026-03-09T09:48:52  INFO      app.poller                                Polling tick — active_jobs=0
2026-03-09T09:48:58  INFO      app.poller                                Polling tick — active_jobs=0
2026-03-09T09:49:04  INFO      app.poller                                Polling tick — active_jobs=0
2026-03-09T09:49:10  INFO      app.poller                                Polling tick — active_jobs=0
2026-03-09T09:49:17  INFO      app.poller                                Polling tick — active_jobs=0
2026-03-09T09:49:23  INFO      app.poller                                Polling tick — active_jobs=0
2026-03-09T09:49:29  INFO      app.poller                                Polling tick — active_jobs=0
2026-03-09T09:49:35  INFO      app.poller                                Polling tick — active_jobs=0
2026-03-09T09:49:42  INFO      app.poller                                Polling tick — active_jobs=0
2026-03-09T09:49:48  INFO      app.poller                                Polling tick — active_jobs=0
2026-03-09T09:49:54  INFO      app.poller                                Polling tick — active_jobs=0
2026-03-09T09:50:00  INFO      app.poller                                Polling tick — active_jobs=0
2026-03-09T09:50:07  INFO      app.poller                                Polling tick — active_jobs=0
2026-03-09T09:50:13  INFO      app.poller                                Polling tick — active_jobs=0
2026-03-09T09:50:19  INFO      app.poller                                Polling tick — active_jobs=0
2026-03-09T09:50:25  INFO      app.poller                                Polling tick — active_jobs=0
2026-03-09T09:50:32  INFO      app.poller                                Polling tick — active_jobs=0
2026-03-09T09:50:38  INFO      app.poller                                Polling tick — active_jobs=0
2026-03-09T09:50:44  INFO      app.poller                                Polling tick — active_jobs=0
2026-03-09T09:50:50  INFO      app.poller                                Polling tick — active_jobs=0
2026-03-09T09:50:57  INFO      app.poller                                Polling tick — active_jobs=0
2026-03-09T09:51:03  INFO      app.poller                                Polling tick — active_jobs=0
2026-03-09T09:51:09  INFO      app.poller                                Polling tick — active_jobs=0
2026-03-09T09:51:15  INFO      app.poller                                Polling tick — active_jobs=0
2026-03-09T09:51:22  INFO      app.poller                                Polling tick — active_jobs=0
2026-03-09T09:51:28  INFO      app.poller                                Polling tick — active_jobs=0
2026-03-09T09:51:34  INFO      app.poller                                Polling tick — active_jobs=0
2026-03-09T09:51:40  INFO      app.poller                                Polling tick — active_jobs=0
2026-03-09T09:51:47  INFO      app.poller                                Polling tick — active_jobs=0
2026-03-09T09:51:53  INFO      app.poller                                Polling tick — active_jobs=0
2026-03-09T09:51:59  INFO      app.poller                                Polling tick — active_jobs=0
2026-03-09T09:52:05  INFO      app.poller                                Polling tick — active_jobs=0
2026-03-09T09:52:12  INFO      app.poller                                Polling tick — active_jobs=0
2026-03-09T09:52:18  INFO      app.poller                                Polling tick — active_jobs=0
2026-03-09T09:52:24  INFO      app.poller                                Polling tick — active_jobs=0
2026-03-09T09:52:31  INFO      app.poller                                Polling tick — active_jobs=0
2026-03-09T09:52:37  INFO      app.poller                                Polling tick — active_jobs=0
2026-03-09T09:52:43  INFO      app.poller                                Polling tick — active_jobs=0
2026-03-09T09:52:49  INFO      app.poller                                Polling tick — active_jobs=0
2026-03-09T09:52:56  INFO      app.poller                                Polling tick — active_jobs=0
2026-03-09T09:53:02  INFO      app.poller                                Polling tick — active_jobs=0
2026-03-09T09:53:08  INFO      app.poller                                Polling tick — active_jobs=0
2026-03-09T09:53:14  INFO      app.poller                                Polling tick — active_jobs=0
2026-03-09T09:53:21  INFO      app.poller                                Polling tick — active_jobs=0
2026-03-09T09:53:27  INFO      app.poller                                Polling tick — active_jobs=0
2026-03-09T09:53:33  INFO      app.poller                                Polling tick — active_jobs=0
2026-03-09T09:53:39  INFO      app.poller                                Polling tick — active_jobs=0
2026-03-09T09:53:46  INFO      app.poller                                Polling tick — active_jobs=0
2026-03-09T09:53:52  INFO      app.poller                                Polling tick — active_jobs=0
2026-03-09T09:53:58  INFO      app.poller                                Polling tick — active_jobs=0
2026-03-09T09:54:04  INFO      app.poller                                Polling tick — active_jobs=0
2026-03-09T09:54:11  INFO      app.poller                                Polling tick — active_jobs=0
2026-03-09T09:54:17  INFO      app.poller                                Polling tick — active_jobs=0
2026-03-09T09:54:23  INFO      app.poller                                Polling tick — active_jobs=0
2026-03-09T09:54:29  INFO      app.poller                                Polling tick — active_jobs=0
2026-03-09T09:54:36  INFO      app.poller                                Polling tick — active_jobs=0
2026-03-09T09:54:42  INFO      app.poller                                Polling tick — active_jobs=0
2026-03-09T09:54:48  INFO      app.poller                                Polling tick — active_jobs=0
2026-03-09T09:54:55  INFO      app.poller                                Polling tick — active_jobs=0
2026-03-09T09:55:01  INFO      app.poller                                Polling tick — active_jobs=0
2026-03-09T09:55:07  INFO      app.poller                                Polling tick — active_jobs=0
2026-03-09T09:55:13  INFO      app.poller                                Polling tick — active_jobs=0
2026-03-09T09:55:20  INFO      app.poller                                Polling tick — active_jobs=0
2026-03-09T09:55:26  INFO      app.poller                                Polling tick — active_jobs=0
2026-03-09T09:55:32  INFO      app.poller                                Polling tick — active_jobs=0
2026-03-09T09:55:38  INFO      app.poller                                Polling tick — active_jobs=0
2026-03-09T09:55:45  INFO      app.poller                                Polling tick — active_jobs=0
2026-03-09T09:55:51  INFO      app.poller                                Polling tick — active_jobs=0
2026-03-09T09:55:57  INFO      app.poller                                Polling tick — active_jobs=0
2026-03-09T09:56:03  INFO      app.poller                                Polling tick — active_jobs=0
2026-03-09T09:56:10  INFO      app.poller                                Polling tick — active_jobs=0
2026-03-09T09:56:16  INFO      app.poller                                Polling tick — active_jobs=0
2026-03-09T09:56:23  INFO      app.poller                                Polling tick — active_jobs=0
2026-03-09T09:56:29  INFO      app.poller                                Polling tick — active_jobs=0
2026-03-09T09:56:35  INFO      app.poller                                Polling tick — active_jobs=0
2026-03-09T09:56:42  INFO      app.poller                                Polling tick — active_jobs=0
2026-03-09T09:56:48  INFO      app.poller                                Polling tick — active_jobs=0
2026-03-09T09:56:55  INFO      app.poller                                Polling tick — active_jobs=0
2026-03-09T09:57:01  INFO      app.poller                                Polling tick — active_jobs=0
2026-03-09T09:57:07  INFO      app.poller                                Polling tick — active_jobs=0
2026-03-09T09:57:14  INFO      app.poller                                Polling tick — active_jobs=0
2026-03-09T09:57:20  INFO      app.poller                                Polling tick — active_jobs=0
2026-03-09T09:57:26  INFO      app.poller                                Polling tick — active_jobs=0
2026-03-09T09:57:33  INFO      app.poller                                Polling tick — active_jobs=0
2026-03-09T09:57:39  INFO      app.poller                                Polling tick — active_jobs=0
2026-03-09T09:57:45  INFO      app.poller                                Polling tick — active_jobs=0
2026-03-09T09:57:51  INFO      app.poller                                Polling tick — active_jobs=0
2026-03-09T09:57:58  INFO      app.poller                                Polling tick — active_jobs=0
2026-03-09T09:58:04  INFO      app.poller                                Polling tick — active_jobs=0
2026-03-09T09:58:10  INFO      app.poller                                Polling tick — active_jobs=0
2026-03-09T09:58:16  INFO      app.poller                                Polling tick — active_jobs=0
2026-03-09T09:58:23  INFO      app.poller                                Polling tick — active_jobs=0
2026-03-09T09:58:29  INFO      app.poller                                Polling tick — active_jobs=0
2026-03-09T09:58:35  INFO      app.poller                                Polling tick — active_jobs=0
2026-03-09T09:58:42  INFO      app.poller                                Polling tick — active_jobs=0
2026-03-09T09:58:48  INFO      app.poller                                Polling tick — active_jobs=0
2026-03-09T09:58:54  INFO      app.poller                                Polling tick — active_jobs=0
2026-03-09T09:59:00  INFO      app.poller                                Polling tick — active_jobs=0
2026-03-09T09:59:07  INFO      app.poller                                Polling tick — active_jobs=0
2026-03-09T09:59:13  INFO      app.poller                                Polling tick — active_jobs=0
2026-03-09T09:59:19  INFO      app.poller                                Polling tick — active_jobs=0
2026-03-09T09:59:25  INFO      app.poller                                Polling tick — active_jobs=0
2026-03-09T09:59:32  INFO      app.poller                                Polling tick — active_jobs=0
2026-03-09T09:59:38  INFO      app.poller                                Polling tick — active_jobs=0
2026-03-09T09:59:44  INFO      app.poller                                Polling tick — active_jobs=0
2026-03-09T09:59:50  INFO      app.poller                                Polling tick — active_jobs=0
2026-03-09T09:59:57  INFO      app.poller                                Polling tick — active_jobs=0
2026-03-09T10:00:03  INFO      app.poller                                Polling tick — active_jobs=0
2026-03-09T10:00:09  INFO      app.poller                                Polling tick — active_jobs=0
2026-03-09T10:00:15  INFO      app.poller                                Polling tick — active_jobs=0
2026-03-09T10:00:22  INFO      app.poller                                Polling tick — active_jobs=0
2026-03-09T10:00:28  INFO      app.poller                                Polling tick — active_jobs=0
2026-03-09T10:00:34  INFO      app.poller                                Polling tick — active_jobs=0
2026-03-09T10:00:41  INFO      app.poller                                Polling tick — active_jobs=0
2026-03-09T10:00:47  INFO      app.poller                                Polling tick — active_jobs=0
2026-03-09T10:00:53  INFO      app.poller                                Polling tick — active_jobs=0
2026-03-09T10:00:59  INFO      app.poller                                Polling tick — active_jobs=0
2026-03-09T10:01:06  INFO      app.poller                                Polling tick — active_jobs=0
2026-03-09T10:01:12  INFO      app.poller                                Polling tick — active_jobs=0
2026-03-09T10:01:18  INFO      app.poller                                Polling tick — active_jobs=0
2026-03-09T10:01:24  INFO      app.poller                                Polling tick — active_jobs=0
2026-03-09T10:01:31  INFO      app.poller                                Polling tick — active_jobs=0
2026-03-09T10:01:37  INFO      app.poller                                Polling tick — active_jobs=0
2026-03-09T10:01:43  INFO      app.poller                                Polling tick — active_jobs=0
2026-03-09T10:01:49  INFO      app.poller                                Polling tick — active_jobs=0
2026-03-09T10:01:56  INFO      app.poller                                Polling tick — active_jobs=0
2026-03-09T10:02:02  INFO      app.poller                                Polling tick — active_jobs=0
2026-03-09T10:02:08  INFO      app.poller                                Polling tick — active_jobs=0
2026-03-09T10:02:14  INFO      app.poller                                Polling tick — active_jobs=0
2026-03-09T10:02:21  INFO      app.poller                                Polling tick — active_jobs=0
2026-03-09T10:02:27  INFO      app.poller                                Polling tick — active_jobs=0
2026-03-09T10:02:33  INFO      app.poller                                Polling tick — active_jobs=0
2026-03-09T10:02:39  INFO      app.poller                                Polling tick — active_jobs=0
2026-03-09T10:02:46  INFO      app.poller                                Polling tick — active_jobs=0
2026-03-09T10:02:52  INFO      app.poller                                Polling tick — active_jobs=0
2026-03-09T10:02:58  INFO      app.poller                                Polling tick — active_jobs=0
2026-03-09T10:03:05  INFO      app.poller                                Polling tick — active_jobs=0
2026-03-09T10:03:11  INFO      app.poller                                Polling tick — active_jobs=0
2026-03-09T10:03:17  INFO      app.poller                                Polling tick — active_jobs=0
2026-03-09T10:03:23  INFO      app.poller                                Polling tick — active_jobs=0
2026-03-09T10:03:30  INFO      app.poller                                Polling tick — active_jobs=0
2026-03-09T10:03:36  INFO      app.poller                                Polling tick — active_jobs=0
2026-03-09T10:03:42  INFO      app.poller                                Polling tick — active_jobs=0
2026-03-09T10:03:48  INFO      app.poller                                Polling tick — active_jobs=0
2026-03-09T10:03:55  INFO      app.poller                                Polling tick — active_jobs=0
2026-03-09T10:04:01  INFO      app.poller                                Polling tick — active_jobs=0
2026-03-09T10:04:07  INFO      app.poller                                Polling tick — active_jobs=0
2026-03-09T10:04:13  INFO      app.poller                                Polling tick — active_jobs=0
2026-03-09T10:04:20  INFO      app.poller                                Polling tick — active_jobs=0
2026-03-09T10:04:26  INFO      app.poller                                Polling tick — active_jobs=0
2026-03-09T10:04:32  INFO      app.poller                                Polling tick — active_jobs=0
2026-03-09T10:04:38  INFO      app.poller                                Polling tick — active_jobs=0
2026-03-09T10:04:45  INFO      app.poller                                Polling tick — active_jobs=0
2026-03-09T10:04:51  INFO      app.poller                                Polling tick — active_jobs=0
2026-03-09T10:04:57  INFO      app.poller                                Polling tick — active_jobs=0
2026-03-09T10:05:04  INFO      app.poller                                Polling tick — active_jobs=0
2026-03-09T10:05:10  INFO      app.poller                                Polling tick — active_jobs=0
2026-03-09T10:05:16  INFO      app.poller                                Polling tick — active_jobs=0
2026-03-09T10:05:22  INFO      app.poller                                Polling tick — active_jobs=0
2026-03-09T10:05:29  INFO      app.poller                                Polling tick — active_jobs=0
2026-03-09T10:05:35  INFO      app.poller                                Polling tick — active_jobs=0
2026-03-09T10:05:41  INFO      app.poller                                Polling tick — active_jobs=0
2026-03-09T10:05:47  INFO      app.poller                                Polling tick — active_jobs=0
2026-03-09T10:05:54  INFO      app.poller                                Polling tick — active_jobs=0
2026-03-09T10:06:00  INFO      app.poller                                Polling tick — active_jobs=0
2026-03-09T10:06:06  INFO      app.poller                                Polling tick — active_jobs=0
2026-03-09T10:06:13  INFO      app.poller                                Polling tick — active_jobs=0
2026-03-09T10:06:19  INFO      app.poller                                Polling tick — active_jobs=0
2026-03-09T10:06:25  INFO      app.poller                                Polling tick — active_jobs=0
2026-03-09T10:06:31  INFO      app.poller                                Polling tick — active_jobs=0
2026-03-09T10:06:38  INFO      app.poller                                Polling tick — active_jobs=0
2026-03-09T10:06:44  INFO      app.poller                                Polling tick — active_jobs=0
2026-03-09T10:06:50  INFO      app.poller                                Polling tick — active_jobs=0
2026-03-09T10:06:56  INFO      app.poller                                Polling tick — active_jobs=0
2026-03-09T10:07:03  INFO      app.poller                                Polling tick — active_jobs=0
2026-03-09T10:07:09  INFO      app.poller                                Polling tick — active_jobs=0
2026-03-09T10:07:15  INFO      app.poller                                Polling tick — active_jobs=0
2026-03-09T10:07:22  INFO      app.poller                                Polling tick — active_jobs=0
2026-03-09T10:07:28  INFO      app.poller                                Polling tick — active_jobs=0
2026-03-09T10:07:34  INFO      app.poller                                Polling tick — active_jobs=0
2026-03-09T10:07:40  INFO      app.poller                                Polling tick — active_jobs=0
2026-03-09T10:07:47  INFO      app.poller                                Polling tick — active_jobs=0
2026-03-09T10:07:53  INFO      app.poller                                Polling tick — active_jobs=0
2026-03-09T10:07:59  INFO      app.poller                                Polling tick — active_jobs=0
2026-03-09T10:08:05  INFO      app.poller                                Polling tick — active_jobs=0
2026-03-09T10:08:12  INFO      app.poller                                Polling tick — active_jobs=0
2026-03-09T10:08:18  INFO      app.poller                                Polling tick — active_jobs=0
2026-03-09T10:08:24  INFO      app.poller                                Polling tick — active_jobs=0
2026-03-09T10:08:31  INFO      app.poller                                Polling tick — active_jobs=0
2026-03-09T10:08:37  INFO      app.poller                                Polling tick — active_jobs=0
2026-03-09T10:08:43  INFO      app.poller                                Polling tick — active_jobs=0
2026-03-09T10:08:49  INFO      app.poller                                Polling tick — active_jobs=0
2026-03-09T10:08:56  INFO      app.poller                                Polling tick — active_jobs=0
2026-03-09T10:09:02  INFO      app.poller                                Polling tick — active_jobs=0
2026-03-09T10:09:08  INFO      app.poller                                Polling tick — active_jobs=0
2026-03-09T10:09:14  INFO      app.poller                                Polling tick — active_jobs=0
2026-03-09T10:09:21  INFO      app.poller                                Polling tick — active_jobs=0
2026-03-09T10:09:27  INFO      app.poller                                Polling tick — active_jobs=0
2026-03-09T10:09:33  INFO      app.poller                                Polling tick — active_jobs=0
2026-03-09T10:09:40  INFO      app.poller                                Polling tick — active_jobs=0
2026-03-09T10:09:46  INFO      app.poller                                Polling tick — active_jobs=0
2026-03-09T10:09:52  INFO      app.poller                                Polling tick — active_jobs=0
2026-03-09T10:09:59  INFO      app.poller                                Polling tick — active_jobs=0
2026-03-09T10:10:05  INFO      app.poller                                Polling tick — active_jobs=0
2026-03-09T10:10:11  INFO      app.poller                                Polling tick — active_jobs=0
2026-03-09T10:10:17  INFO      app.poller                                Polling tick — active_jobs=0
2026-03-09T10:10:24  INFO      app.poller                                Polling tick — active_jobs=0
2026-03-09T10:10:30  INFO      app.poller                                Polling tick — active_jobs=0
2026-03-09T10:10:36  INFO      app.poller                                Polling tick — active_jobs=0
2026-03-09T10:10:42  INFO      app.poller                                Polling tick — active_jobs=0
2026-03-09T10:10:49  INFO      app.poller                                Polling tick — active_jobs=0
2026-03-09T10:10:55  INFO      app.poller                                Polling tick — active_jobs=0
2026-03-09T10:11:01  INFO      app.poller                                Polling tick — active_jobs=0
2026-03-09T10:11:07  INFO      app.poller                                Polling tick — active_jobs=0
2026-03-09T10:11:14  INFO      app.poller                                Polling tick — active_jobs=0
2026-03-09T10:11:20  INFO      app.poller                                Polling tick — active_jobs=0
2026-03-09T10:11:26  INFO      app.poller                                Polling tick — active_jobs=0
2026-03-09T10:11:32  INFO      app.poller                                Polling tick — active_jobs=0
2026-03-09T10:11:39  INFO      app.poller                                Polling tick — active_jobs=0
2026-03-09T10:11:45  INFO      app.poller                                Polling tick — active_jobs=0
2026-03-09T10:11:51  INFO      app.poller                                Polling tick — active_jobs=0
2026-03-09T10:11:58  INFO      app.poller                                Polling tick — active_jobs=0
2026-03-09T10:12:04  INFO      app.poller                                Polling tick — active_jobs=0
2026-03-09T10:12:10  INFO      app.poller                                Polling tick — active_jobs=0
2026-03-09T10:12:16  INFO      app.poller                                Polling tick — active_jobs=0
2026-03-09T10:12:23  INFO      app.poller                                Polling tick — active_jobs=0
2026-03-09T10:12:29  INFO      app.poller                                Polling tick — active_jobs=0
2026-03-09T10:12:35  INFO      app.poller                                Polling tick — active_jobs=0
2026-03-09T10:12:41  INFO      app.poller                                Polling tick — active_jobs=0
2026-03-09T10:12:48  INFO      app.poller                                Polling tick — active_jobs=0
2026-03-09T10:12:54  INFO      app.poller                                Polling tick — active_jobs=0
2026-03-09T10:13:00  INFO      app.poller                                Polling tick — active_jobs=0
2026-03-09T10:13:06  INFO      app.poller                                Polling tick — active_jobs=0
2026-03-09T10:13:13  INFO      app.poller                                Polling tick — active_jobs=0
2026-03-09T10:13:19  INFO      app.poller                                Polling tick — active_jobs=0
2026-03-09T10:13:25  INFO      app.poller                                Polling tick — active_jobs=0
2026-03-09T10:13:31  INFO      app.poller                                Polling tick — active_jobs=0
2026-03-09T10:13:38  INFO      app.poller                                Polling tick — active_jobs=0
2026-03-09T10:13:44  INFO      app.poller                                Polling tick — active_jobs=0
2026-03-09T10:13:50  INFO      app.poller                                Polling tick — active_jobs=0
2026-03-09T10:13:57  INFO      app.poller                                Polling tick — active_jobs=0
2026-03-09T10:14:03  INFO      app.poller                                Polling tick — active_jobs=0
2026-03-09T10:14:09  INFO      app.poller                                Polling tick — active_jobs=0
2026-03-09T10:14:15  INFO      app.poller                                Polling tick — active_jobs=0
2026-03-09T10:14:22  INFO      app.poller                                Polling tick — active_jobs=0
2026-03-09T10:14:28  INFO      app.poller                                Polling tick — active_jobs=0
2026-03-09T10:14:34  INFO      app.poller                                Polling tick — active_jobs=0
2026-03-09T10:14:40  INFO      app.poller                                Polling tick — active_jobs=0
2026-03-09T10:14:47  INFO      app.poller                                Polling tick — active_jobs=0
2026-03-09T10:14:53  INFO      app.poller                                Polling tick — active_jobs=0
2026-03-09T10:14:59  INFO      app.poller                                Polling tick — active_jobs=0
2026-03-09T10:15:05  INFO      app.poller                                Polling tick — active_jobs=0
2026-03-09T10:15:12  INFO      app.poller                                Polling tick — active_jobs=0
2026-03-09T10:15:18  INFO      app.poller                                Polling tick — active_jobs=0
2026-03-09T10:15:24  INFO      app.poller                                Polling tick — active_jobs=0
2026-03-09T10:15:31  INFO      app.poller                                Polling tick — active_jobs=0
2026-03-09T10:15:37  INFO      app.poller                                Polling tick — active_jobs=0
2026-03-09T10:15:43  INFO      app.poller                                Polling tick — active_jobs=0
2026-03-09T10:15:49  INFO      app.poller                                Polling tick — active_jobs=0
2026-03-09T10:15:56  INFO      app.poller                                Polling tick — active_jobs=0
2026-03-09T10:16:02  INFO      app.poller                                Polling tick — active_jobs=0
2026-03-09T10:16:08  INFO      app.poller                                Polling tick — active_jobs=0
2026-03-09T10:16:14  INFO      app.poller                                Polling tick — active_jobs=0
2026-03-09T10:16:21  INFO      app.poller                                Polling tick — active_jobs=0
2026-03-09T10:16:27  INFO      app.poller                                Polling tick — active_jobs=0
2026-03-09T10:16:33  INFO      app.poller                                Polling tick — active_jobs=0
2026-03-09T10:16:39  INFO      app.poller                                Polling tick — active_jobs=0
2026-03-09T10:16:46  INFO      app.poller                                Polling tick — active_jobs=0
2026-03-09T10:16:52  INFO      app.poller                                Polling tick — active_jobs=0
2026-03-09T10:16:58  INFO      app.poller                                Polling tick — active_jobs=0
2026-03-09T10:17:04  INFO      app.poller                                Polling tick — active_jobs=0
2026-03-09T10:17:11  INFO      app.poller                                Polling tick — active_jobs=0
2026-03-09T10:17:17  INFO      app.poller                                Polling tick — active_jobs=0
2026-03-09T10:17:23  INFO      app.poller                                Polling tick — active_jobs=0
2026-03-09T10:17:30  INFO      app.poller                                Polling tick — active_jobs=0
2026-03-09T10:17:36  INFO      app.poller                                Polling tick — active_jobs=0
2026-03-09T10:17:42  INFO      app.poller                                Polling tick — active_jobs=0
2026-03-09T10:17:48  INFO      app.poller                                Polling tick — active_jobs=0
2026-03-09T10:17:55  INFO      app.poller                                Polling tick — active_jobs=0
2026-03-09T10:18:01  INFO      app.poller                                Polling tick — active_jobs=0
2026-03-09T10:18:07  INFO      app.poller                                Polling tick — active_jobs=0
2026-03-09T10:18:13  INFO      app.poller                                Polling tick — active_jobs=0
2026-03-09T10:18:20  INFO      app.poller                                Polling tick — active_jobs=0
2026-03-09T10:18:26  INFO      app.poller                                Polling tick — active_jobs=0
2026-03-09T10:18:32  INFO      app.poller                                Polling tick — active_jobs=0
2026-03-09T10:18:38  INFO      app.poller                                Polling tick — active_jobs=0
2026-03-09T10:18:45  INFO      app.poller                                Polling tick — active_jobs=0
2026-03-09T10:18:51  INFO      app.poller                                Polling tick — active_jobs=0
2026-03-09T10:18:57  INFO      app.poller                                Polling tick — active_jobs=0
2026-03-09T10:19:03  INFO      app.poller                                Polling tick — active_jobs=0
2026-03-09T10:19:10  INFO      app.poller                                Polling tick — active_jobs=0
2026-03-09T10:19:16  INFO      app.poller                                Polling tick — active_jobs=0
2026-03-09T10:19:22  INFO      app.poller                                Polling tick — active_jobs=0
2026-03-09T10:19:28  INFO      app.poller                                Polling tick — active_jobs=0
2026-03-09T10:19:35  INFO      app.poller                                Polling tick — active_jobs=0
2026-03-09T10:19:41  INFO      app.poller                                Polling tick — active_jobs=0
2026-03-09T10:19:47  INFO      app.poller                                Polling tick — active_jobs=0
2026-03-09T10:19:53  INFO      app.poller                                Polling tick — active_jobs=0
2026-03-09T10:20:00  INFO      app.poller                                Polling tick — active_jobs=0
2026-03-09T10:20:06  INFO      app.poller                                Polling tick — active_jobs=0
2026-03-09T10:20:12  INFO      app.poller                                Polling tick — active_jobs=0
2026-03-09T10:20:19  INFO      app.poller                                Polling tick — active_jobs=0
2026-03-09T10:20:25  INFO      app.poller                                Polling tick — active_jobs=0
2026-03-09T10:20:31  INFO      app.poller                                Polling tick — active_jobs=0
2026-03-09T10:20:37  INFO      app.poller                                Polling tick — active_jobs=0
2026-03-09T10:20:44  INFO      app.poller                                Polling tick — active_jobs=0
2026-03-09T10:20:50  INFO      app.poller                                Polling tick — active_jobs=0
2026-03-09T10:20:56  INFO      app.poller                                Polling tick — active_jobs=0
2026-03-09T10:21:02  INFO      app.poller                                Polling tick — active_jobs=0
2026-03-09T10:21:09  INFO      app.poller                                Polling tick — active_jobs=0
2026-03-09T10:21:15  INFO      app.poller                                Polling tick — active_jobs=0
2026-03-09T10:21:21  INFO      app.poller                                Polling tick — active_jobs=0
2026-03-09T10:21:27  INFO      app.poller                                Polling tick — active_jobs=0
2026-03-09T10:21:34  INFO      app.poller                                Polling tick — active_jobs=0
2026-03-09T10:21:40  INFO      app.poller                                Polling tick — active_jobs=0
2026-03-09T10:21:46  INFO      app.poller                                Polling tick — active_jobs=0
2026-03-09T10:21:52  INFO      app.poller                                Polling tick — active_jobs=0
2026-03-09T10:21:59  INFO      app.poller                                Polling tick — active_jobs=0
2026-03-09T10:22:05  INFO      app.poller                                Polling tick — active_jobs=0
2026-03-09T10:22:11  INFO      app.poller                                Polling tick — active_jobs=0
2026-03-09T10:22:17  INFO      app.poller                                Polling tick — active_jobs=0
2026-03-09T10:22:24  INFO      app.poller                                Polling tick — active_jobs=0
2026-03-09T10:22:30  INFO      app.poller                                Polling tick — active_jobs=0
2026-03-09T10:22:36  INFO      app.poller                                Polling tick — active_jobs=0
2026-03-09T10:22:43  INFO      app.poller                                Polling tick — active_jobs=0
2026-03-09T10:22:49  INFO      app.poller                                Polling tick — active_jobs=0
2026-03-09T10:22:55  INFO      app.poller                                Polling tick — active_jobs=0
2026-03-09T10:23:01  INFO      app.poller                                Polling tick — active_jobs=0
2026-03-09T10:23:08  INFO      app.poller                                Polling tick — active_jobs=0
2026-03-09T10:23:14  INFO      app.poller                                Polling tick — active_jobs=0
2026-03-09T10:23:20  INFO      app.poller                                Polling tick — active_jobs=0
2026-03-09T10:23:27  INFO      app.poller                                Polling tick — active_jobs=0
2026-03-09T10:23:33  INFO      app.poller                                Polling tick — active_jobs=0
2026-03-09T10:23:39  INFO      app.poller                                Polling tick — active_jobs=0
2026-03-09T10:23:46  INFO      app.poller                                Polling tick — active_jobs=0
2026-03-09T10:23:52  INFO      app.poller                                Polling tick — active_jobs=0
2026-03-09T10:23:58  INFO      app.poller                                Polling tick — active_jobs=0
2026-03-09T10:24:05  INFO      app.poller                                Polling tick — active_jobs=0
2026-03-09T10:24:11  INFO      app.poller                                Polling tick — active_jobs=0
2026-03-09T10:24:17  INFO      app.poller                                Polling tick — active_jobs=0
2026-03-09T10:24:23  INFO      app.poller                                Polling tick — active_jobs=0
2026-03-09T10:24:30  INFO      app.poller                                Polling tick — active_jobs=0
2026-03-09T10:24:36  INFO      app.poller                                Polling tick — active_jobs=0
2026-03-09T10:24:42  INFO      app.poller                                Polling tick — active_jobs=0
2026-03-09T10:24:49  INFO      app.poller                                Polling tick — active_jobs=0
2026-03-09T10:24:55  INFO      app.poller                                Polling tick — active_jobs=0
2026-03-09T10:25:01  INFO      app.poller                                Polling tick — active_jobs=0
2026-03-09T10:25:08  INFO      app.poller                                Polling tick — active_jobs=0
2026-03-09T10:25:14  INFO      app.poller                                Polling tick — active_jobs=0
2026-03-09T10:25:20  INFO      app.poller                                Polling tick — active_jobs=0
2026-03-09T10:25:26  INFO      app.poller                                Polling tick — active_jobs=0
2026-03-09T10:25:33  INFO      app.poller                                Polling tick — active_jobs=0
2026-03-09T10:25:39  INFO      app.poller                                Polling tick — active_jobs=0
2026-03-09T10:25:45  INFO      app.poller                                Polling tick — active_jobs=0
2026-03-09T10:25:52  INFO      app.poller                                Polling tick — active_jobs=0
2026-03-09T10:25:58  INFO      app.poller                                Polling tick — active_jobs=0
2026-03-09T10:26:04  INFO      app.poller                                Polling tick — active_jobs=0
2026-03-09T10:26:11  INFO      app.poller                                Polling tick — active_jobs=0
2026-03-09T10:26:17  INFO      app.poller                                Polling tick — active_jobs=0
2026-03-09T10:26:23  INFO      app.poller                                Polling tick — active_jobs=0
2026-03-09T10:26:29  INFO      app.poller                                Polling tick — active_jobs=0
2026-03-09T10:26:36  INFO      app.poller                                Polling tick — active_jobs=0
2026-03-09T10:26:42  INFO      app.poller                                Polling tick — active_jobs=0
2026-03-09T10:26:48  INFO      app.poller                                Polling tick — active_jobs=0
2026-03-09T10:26:54  INFO      app.poller                                Polling tick — active_jobs=0
2026-03-09T10:27:01  INFO      app.poller                                Polling tick — active_jobs=0
2026-03-09T10:27:07  INFO      app.poller                                Polling tick — active_jobs=0
2026-03-09T10:27:13  INFO      app.poller                                Polling tick — active_jobs=0
2026-03-09T10:27:19  INFO      app.poller                                Polling tick — active_jobs=0
2026-03-09T10:27:26  INFO      app.poller                                Polling tick — active_jobs=0
2026-03-09T10:27:32  INFO      app.poller                                Polling tick — active_jobs=0
2026-03-09T10:27:38  INFO      app.poller                                Polling tick — active_jobs=0
2026-03-09T10:27:45  INFO      app.poller                                Polling tick — active_jobs=0
2026-03-09T10:27:51  INFO      app.poller                                Polling tick — active_jobs=0
2026-03-09T10:27:57  INFO      app.poller                                Polling tick — active_jobs=0
2026-03-09T10:28:04  INFO      app.poller                                Polling tick — active_jobs=0
2026-03-09T10:28:10  INFO      app.poller                                Polling tick — active_jobs=0
2026-03-09T10:28:16  INFO      app.poller                                Polling tick — active_jobs=0
2026-03-09T10:28:23  INFO      app.poller                                Polling tick — active_jobs=0
2026-03-09T10:28:29  INFO      app.poller                                Polling tick — active_jobs=0
2026-03-09T10:28:35  INFO      app.poller                                Polling tick — active_jobs=0
2026-03-09T10:28:41  INFO      app.poller                                Polling tick — active_jobs=0
2026-03-09T10:28:48  INFO      app.poller                                Polling tick — active_jobs=0
2026-03-09T10:28:54  INFO      app.poller                                Polling tick — active_jobs=0
2026-03-09T10:29:00  INFO      app.poller                                Polling tick — active_jobs=0
2026-03-09T10:29:06  INFO      app.poller                                Polling tick — active_jobs=0
2026-03-09T10:29:13  INFO      app.poller                                Polling tick — active_jobs=0
2026-03-09T10:29:19  INFO      app.poller                                Polling tick — active_jobs=0
2026-03-09T10:29:25  INFO      app.poller                                Polling tick — active_jobs=0
2026-03-09T10:29:31  INFO      app.poller                                Polling tick — active_jobs=0
2026-03-09T10:29:38  INFO      app.poller                                Polling tick — active_jobs=0
2026-03-09T10:29:44  INFO      app.poller                                Polling tick — active_jobs=0
2026-03-09T10:29:50  INFO      app.poller                                Polling tick — active_jobs=0
2026-03-09T10:29:56  INFO      app.poller                                Polling tick — active_jobs=0
2026-03-09T10:30:03  INFO      app.poller                                Polling tick — active_jobs=0
2026-03-09T10:30:09  INFO      app.poller                                Polling tick — active_jobs=0
2026-03-09T10:30:15  INFO      app.poller                                Polling tick — active_jobs=0
2026-03-09T10:30:21  INFO      app.poller                                Polling tick — active_jobs=0
2026-03-09T10:30:28  INFO      app.poller                                Polling tick — active_jobs=0
2026-03-09T10:30:34  INFO      app.poller                                Polling tick — active_jobs=0
2026-03-09T10:30:40  INFO      app.poller                                Polling tick — active_jobs=0
2026-03-09T10:30:47  INFO      app.poller                                Polling tick — active_jobs=0
2026-03-09T10:30:53  INFO      app.poller                                Polling tick — active_jobs=0
2026-03-09T10:30:59  INFO      app.poller                                Polling tick — active_jobs=0
2026-03-09T10:31:05  INFO      app.poller                                Polling tick — active_jobs=0
2026-03-09T10:31:12  INFO      app.poller                                Polling tick — active_jobs=0
2026-03-09T10:31:18  INFO      app.poller                                Polling tick — active_jobs=0
2026-03-09T10:31:24  INFO      app.poller                                Polling tick — active_jobs=0
2026-03-09T10:31:30  INFO      app.poller                                Polling tick — active_jobs=0
2026-03-09T10:31:37  INFO      app.poller                                Polling tick — active_jobs=0
2026-03-09T10:31:43  INFO      app.poller                                Polling tick — active_jobs=0
2026-03-09T10:31:49  INFO      app.poller                                Polling tick — active_jobs=0
2026-03-09T10:31:56  INFO      app.poller                                Polling tick — active_jobs=0
2026-03-09T10:32:02  INFO      app.poller                                Polling tick — active_jobs=0
2026-03-09T10:32:08  INFO      app.poller                                Polling tick — active_jobs=0
2026-03-09T10:32:14  INFO      app.poller                                Polling tick — active_jobs=0
2026-03-09T10:32:21  INFO      app.poller                                Polling tick — active_jobs=0
2026-03-09T10:32:27  INFO      app.poller                                Polling tick — active_jobs=0
2026-03-09T10:32:33  INFO      app.poller                                Polling tick — active_jobs=0
2026-03-09T10:32:40  INFO      app.poller                                Polling tick — active_jobs=0
2026-03-09T10:32:46  INFO      app.poller                                Polling tick — active_jobs=0
2026-03-09T10:32:52  INFO      app.poller                                Polling tick — active_jobs=0
2026-03-09T10:32:59  INFO      app.poller                                Polling tick — active_jobs=0
2026-03-09T10:33:05  INFO      app.poller                                Polling tick — active_jobs=0
2026-03-09T10:33:11  INFO      app.poller                                Polling tick — active_jobs=0
2026-03-09T10:33:17  INFO      app.poller                                Polling tick — active_jobs=0
2026-03-09T10:33:24  INFO      app.poller                                Polling tick — active_jobs=0
2026-03-09T10:33:30  INFO      app.poller                                Polling tick — active_jobs=0
2026-03-09T10:33:36  INFO      app.poller                                Polling tick — active_jobs=0
2026-03-09T10:33:42  INFO      app.poller                                Polling tick — active_jobs=0
2026-03-09T10:33:49  INFO      app.poller                                Polling tick — active_jobs=0
2026-03-09T10:33:55  INFO      app.poller                                Polling tick — active_jobs=0
2026-03-09T10:34:01  INFO      app.poller                                Polling tick — active_jobs=0
2026-03-09T10:34:07  INFO      app.poller                                Polling tick — active_jobs=0
2026-03-09T10:34:14  INFO      app.poller                                Polling tick — active_jobs=0
2026-03-09T10:34:20  INFO      app.poller                                Polling tick — active_jobs=0
2026-03-09T10:34:26  INFO      app.poller                                Polling tick — active_jobs=0
2026-03-09T10:34:33  INFO      app.poller                                Polling tick — active_jobs=0
2026-03-09T10:34:39  INFO      app.poller                                Polling tick — active_jobs=0
2026-03-09T10:34:45  INFO      app.poller                                Polling tick — active_jobs=0
2026-03-09T10:34:51  INFO      app.poller                                Polling tick — active_jobs=0
2026-03-09T10:34:58  INFO      app.poller                                Polling tick — active_jobs=0
2026-03-09T10:35:04  INFO      app.poller                                Polling tick — active_jobs=0
2026-03-09T10:35:10  INFO      app.poller                                Polling tick — active_jobs=0
2026-03-09T10:35:16  INFO      app.poller                                Polling tick — active_jobs=0
2026-03-09T10:35:23  INFO      app.poller                                Polling tick — active_jobs=0
2026-03-09T10:35:29  INFO      app.poller                                Polling tick — active_jobs=0
2026-03-09T10:35:35  INFO      app.poller                                Polling tick — active_jobs=0
2026-03-09T10:35:41  INFO      app.poller                                Polling tick — active_jobs=0
2026-03-09T10:35:48  INFO      app.poller                                Polling tick — active_jobs=0
2026-03-09T10:35:54  INFO      app.poller                                Polling tick — active_jobs=0
2026-03-09T10:36:00  INFO      app.poller                                Polling tick — active_jobs=0
2026-03-09T10:36:06  INFO      app.poller                                Polling tick — active_jobs=0
2026-03-09T10:36:13  INFO      app.poller                                Polling tick — active_jobs=0
2026-03-09T10:36:19  INFO      app.poller                                Polling tick — active_jobs=0
2026-03-09T10:36:25  INFO      app.poller                                Polling tick — active_jobs=0
2026-03-09T10:36:31  INFO      app.poller                                Polling tick — active_jobs=0
2026-03-09T10:36:38  INFO      app.poller                                Polling tick — active_jobs=0
2026-03-09T10:36:44  INFO      app.poller                                Polling tick — active_jobs=0
2026-03-09T10:36:50  INFO      app.poller                                Polling tick — active_jobs=0
2026-03-09T10:36:57  INFO      app.poller                                Polling tick — active_jobs=0
2026-03-09T10:37:03  INFO      app.poller                                Polling tick — active_jobs=0
2026-03-09T10:37:09  INFO      app.poller                                Polling tick — active_jobs=0
2026-03-09T10:37:16  INFO      app.poller                                Polling tick — active_jobs=0
2026-03-09T10:37:22  INFO      app.poller                                Polling tick — active_jobs=0
2026-03-09T10:37:28  INFO      app.poller                                Polling tick — active_jobs=0
2026-03-09T10:37:34  INFO      app.poller                                Polling tick — active_jobs=0
2026-03-09T10:37:41  INFO      app.poller                                Polling tick — active_jobs=0
2026-03-09T10:37:47  INFO      app.poller                                Polling tick — active_jobs=0
2026-03-09T10:37:53  INFO      app.poller                                Polling tick — active_jobs=0
2026-03-09T10:37:59  INFO      app.poller                                Polling tick — active_jobs=0
2026-03-09T10:38:06  INFO      app.poller                                Polling tick — active_jobs=0
2026-03-09T10:38:12  INFO      app.poller                                Polling tick — active_jobs=0
2026-03-09T10:38:18  INFO      app.poller                                Polling tick — active_jobs=0
2026-03-09T10:38:37  ERROR     app.db_client                             Error fetching queued records: ('08S01', '[08S01] [Microsoft][ODBC Driver 18 for SQL Server]TCP Provider: An established connection was aborted by the software in your host machine.\r\n (10053) (SQLSetConnectAttr(SQL_ATTR_AUTOCOMMIT)); [08S01] [Microsoft][ODBC Driver 18 for SQL Server]Communication link failure (10053)')
2026-03-09T10:38:42  INFO      app.poller                                Polling tick — active_jobs=0
2026-03-09T10:38:46  ERROR     app.db_client                             Error fetching queued records: ('08001', "[08001] [Microsoft][ODBC Driver 18 for SQL Server]TCP Provider: A socket operation was attempted to an unreachable network.\r\n (10051) (SQLDriverConnect); [08001] [Microsoft][ODBC Driver 18 for SQL Server][SQL Server]Cannot open server 'cp-drawing-hub-dev' requested by the login. Client with IP address '27.59.41.243' is not allowed to access the server.  To enable access, use the Azure Management Portal or run sp_set_firewall_rule on the master database to create a firewall rule for this IP address or address range.  It may take up to five minutes for this change to take effect. (40615); [08001] [Microsoft][ODBC Driver 18 for SQL Server]A network-related or instance-specific error has occurred while establishing a connection to cp-drawing-hub-dev.database.windows.net,1433. Server is not found or not accessible. Check if instance name is correct and if SQL Server is configured to allow remote connections. For more information see SQL Server Books Online. (10051)")
2026-03-09T10:38:51  INFO      app.poller                                Polling tick — active_jobs=0
2026-03-09T10:38:52  ERROR     app.db_client                             Error fetching queued records: ('42000', "[42000] [Microsoft][ODBC Driver 18 for SQL Server][SQL Server]Cannot open server 'cp-drawing-hub-dev' requested by the login. Client with IP address '27.59.41.243' is not allowed to access the server.  To enable access, use the Azure Management Portal or run sp_set_firewall_rule on the master database to create a firewall rule for this IP address or address range.  It may take up to five minutes for this change to take effect. (40615) (SQLDriverConnect); [42000] [Microsoft][ODBC Driver 18 for SQL Server][SQL Server]Cannot open server 'cp-drawing-hub-dev' requested by the login. Client with IP address '27.59.41.243' is not allowed to access the server.  To enable access, use the Azure Management Portal or run sp_set_firewall_rule on the master database to create a firewall rule for this IP address or address range.  It may take up to five minutes for this change to take effect. (40615)")
2026-03-09T10:38:57  INFO      app.poller                                Polling tick — active_jobs=0
2026-03-09T10:38:59  ERROR     app.db_client                             Error fetching queued records: ('42000', "[42000] [Microsoft][ODBC Driver 18 for SQL Server][SQL Server]Cannot open server 'cp-drawing-hub-dev' requested by the login. Client with IP address '27.59.41.243' is not allowed to access the server.  To enable access, use the Azure Management Portal or run sp_set_firewall_rule on the master database to create a firewall rule for this IP address or address range.  It may take up to five minutes for this change to take effect. (40615) (SQLDriverConnect); [42000] [Microsoft][ODBC Driver 18 for SQL Server][SQL Server]Cannot open server 'cp-drawing-hub-dev' requested by the login. Client with IP address '27.59.41.243' is not allowed to access the server.  To enable access, use the Azure Management Portal or run sp_set_firewall_rule on the master database to create a firewall rule for this IP address or address range.  It may take up to five minutes for this change to take effect. (40615)")
2026-03-09T10:39:04  INFO      app.poller                                Polling tick — active_jobs=0
2026-03-09T10:39:05  ERROR     app.db_client                             Error fetching queued records: ('42000', "[42000] [Microsoft][ODBC Driver 18 for SQL Server][SQL Server]Cannot open server 'cp-drawing-hub-dev' requested by the login. Client with IP address '27.59.41.243' is not allowed to access the server.  To enable access, use the Azure Management Portal or run sp_set_firewall_rule on the master database to create a firewall rule for this IP address or address range.  It may take up to five minutes for this change to take effect. (40615) (SQLDriverConnect); [42000] [Microsoft][ODBC Driver 18 for SQL Server][SQL Server]Cannot open server 'cp-drawing-hub-dev' requested by the login. Client with IP address '27.59.41.243' is not allowed to access the server.  To enable access, use the Azure Management Portal or run sp_set_firewall_rule on the master database to create a firewall rule for this IP address or address range.  It may take up to five minutes for this change to take effect. (40615)")
2026-03-09T10:39:10  INFO      app.poller                                Polling tick — active_jobs=0
2026-03-09T10:39:11  ERROR     app.db_client                             Error fetching queued records: ('42000', "[42000] [Microsoft][ODBC Driver 18 for SQL Server][SQL Server]Cannot open server 'cp-drawing-hub-dev' requested by the login. Client with IP address '27.59.41.243' is not allowed to access the server.  To enable access, use the Azure Management Portal or run sp_set_firewall_rule on the master database to create a firewall rule for this IP address or address range.  It may take up to five minutes for this change to take effect. (40615) (SQLDriverConnect); [42000] [Microsoft][ODBC Driver 18 for SQL Server][SQL Server]Cannot open server 'cp-drawing-hub-dev' requested by the login. Client with IP address '27.59.41.243' is not allowed to access the server.  To enable access, use the Azure Management Portal or run sp_set_firewall_rule on the master database to create a firewall rule for this IP address or address range.  It may take up to five minutes for this change to take effect. (40615)")
2026-03-09T10:39:16  INFO      app.poller                                Polling tick — active_jobs=0
2026-03-09T10:39:18  ERROR     app.db_client                             Error fetching queued records: ('42000', "[42000] [Microsoft][ODBC Driver 18 for SQL Server][SQL Server]Cannot open server 'cp-drawing-hub-dev' requested by the login. Client with IP address '27.59.41.243' is not allowed to access the server.  To enable access, use the Azure Management Portal or run sp_set_firewall_rule on the master database to create a firewall rule for this IP address or address range.  It may take up to five minutes for this change to take effect. (40615) (SQLDriverConnect); [42000] [Microsoft][ODBC Driver 18 for SQL Server][SQL Server]Cannot open server 'cp-drawing-hub-dev' requested by the login. Client with IP address '27.59.41.243' is not allowed to access the server.  To enable access, use the Azure Management Portal or run sp_set_firewall_rule on the master database to create a firewall rule for this IP address or address range.  It may take up to five minutes for this change to take effect. (40615)")
2026-03-09T10:39:23  INFO      app.poller                                Polling tick — active_jobs=0
2026-03-09T10:39:25  ERROR     app.db_client                             Error fetching queued records: ('42000', "[42000] [Microsoft][ODBC Driver 18 for SQL Server][SQL Server]Cannot open server 'cp-drawing-hub-dev' requested by the login. Client with IP address '27.59.41.243' is not allowed to access the server.  To enable access, use the Azure Management Portal or run sp_set_firewall_rule on the master database to create a firewall rule for this IP address or address range.  It may take up to five minutes for this change to take effect. (40615) (SQLDriverConnect); [42000] [Microsoft][ODBC Driver 18 for SQL Server][SQL Server]Cannot open server 'cp-drawing-hub-dev' requested by the login. Client with IP address '27.59.41.243' is not allowed to access the server.  To enable access, use the Azure Management Portal or run sp_set_firewall_rule on the master database to create a firewall rule for this IP address or address range.  It may take up to five minutes for this change to take effect. (40615)")
2026-03-09T10:39:30  INFO      app.poller                                Polling tick — active_jobs=0
2026-03-09T10:39:31  ERROR     app.db_client                             Error fetching queued records: ('42000', "[42000] [Microsoft][ODBC Driver 18 for SQL Server][SQL Server]Cannot open server 'cp-drawing-hub-dev' requested by the login. Client with IP address '27.59.41.243' is not allowed to access the server.  To enable access, use the Azure Management Portal or run sp_set_firewall_rule on the master database to create a firewall rule for this IP address or address range.  It may take up to five minutes for this change to take effect. (40615) (SQLDriverConnect); [42000] [Microsoft][ODBC Driver 18 for SQL Server][SQL Server]Cannot open server 'cp-drawing-hub-dev' requested by the login. Client with IP address '27.59.41.243' is not allowed to access the server.  To enable access, use the Azure Management Portal or run sp_set_firewall_rule on the master database to create a firewall rule for this IP address or address range.  It may take up to five minutes for this change to take effect. (40615)")
2026-03-09T10:39:36  INFO      app.poller                                Polling tick — active_jobs=0
2026-03-09T10:39:37  ERROR     app.db_client                             Error fetching queued records: ('42000', "[42000] [Microsoft][ODBC Driver 18 for SQL Server][SQL Server]Cannot open server 'cp-drawing-hub-dev' requested by the login. Client with IP address '27.59.41.243' is not allowed to access the server.  To enable access, use the Azure Management Portal or run sp_set_firewall_rule on the master database to create a firewall rule for this IP address or address range.  It may take up to five minutes for this change to take effect. (40615) (SQLDriverConnect); [42000] [Microsoft][ODBC Driver 18 for SQL Server][SQL Server]Cannot open server 'cp-drawing-hub-dev' requested by the login. Client with IP address '27.59.41.243' is not allowed to access the server.  To enable access, use the Azure Management Portal or run sp_set_firewall_rule on the master database to create a firewall rule for this IP address or address range.  It may take up to five minutes for this change to take effect. (40615)")
2026-03-09T10:39:42  INFO      app.poller                                Polling tick — active_jobs=0
2026-03-09T10:39:44  ERROR     app.db_client                             Error fetching queued records: ('42000', "[42000] [Microsoft][ODBC Driver 18 for SQL Server][SQL Server]Cannot open server 'cp-drawing-hub-dev' requested by the login. Client with IP address '27.59.41.243' is not allowed to access the server.  To enable access, use the Azure Management Portal or run sp_set_firewall_rule on the master database to create a firewall rule for this IP address or address range.  It may take up to five minutes for this change to take effect. (40615) (SQLDriverConnect); [42000] [Microsoft][ODBC Driver 18 for SQL Server][SQL Server]Cannot open server 'cp-drawing-hub-dev' requested by the login. Client with IP address '27.59.41.243' is not allowed to access the server.  To enable access, use the Azure Management Portal or run sp_set_firewall_rule on the master database to create a firewall rule for this IP address or address range.  It may take up to five minutes for this change to take effect. (40615)")
2026-03-09T10:39:49  INFO      app.poller                                Polling tick — active_jobs=0
2026-03-09T10:39:50  ERROR     app.db_client                             Error fetching queued records: ('42000', "[42000] [Microsoft][ODBC Driver 18 for SQL Server][SQL Server]Cannot open server 'cp-drawing-hub-dev' requested by the login. Client with IP address '27.59.41.243' is not allowed to access the server.  To enable access, use the Azure Management Portal or run sp_set_firewall_rule on the master database to create a firewall rule for this IP address or address range.  It may take up to five minutes for this change to take effect. (40615) (SQLDriverConnect); [42000] [Microsoft][ODBC Driver 18 for SQL Server][SQL Server]Cannot open server 'cp-drawing-hub-dev' requested by the login. Client with IP address '27.59.41.243' is not allowed to access the server.  To enable access, use the Azure Management Portal or run sp_set_firewall_rule on the master database to create a firewall rule for this IP address or address range.  It may take up to five minutes for this change to take effect. (40615)")
2026-03-09T10:39:55  INFO      app.poller                                Polling tick — active_jobs=0
2026-03-09T10:39:56  ERROR     app.db_client                             Error fetching queued records: ('42000', "[42000] [Microsoft][ODBC Driver 18 for SQL Server][SQL Server]Cannot open server 'cp-drawing-hub-dev' requested by the login. Client with IP address '27.59.41.243' is not allowed to access the server.  To enable access, use the Azure Management Portal or run sp_set_firewall_rule on the master database to create a firewall rule for this IP address or address range.  It may take up to five minutes for this change to take effect. (40615) (SQLDriverConnect); [42000] [Microsoft][ODBC Driver 18 for SQL Server][SQL Server]Cannot open server 'cp-drawing-hub-dev' requested by the login. Client with IP address '27.59.41.243' is not allowed to access the server.  To enable access, use the Azure Management Portal or run sp_set_firewall_rule on the master database to create a firewall rule for this IP address or address range.  It may take up to five minutes for this change to take effect. (40615)")
2026-03-09T10:40:01  INFO      app.poller                                Polling tick — active_jobs=0
2026-03-09T10:40:03  ERROR     app.db_client                             Error fetching queued records: ('42000', "[42000] [Microsoft][ODBC Driver 18 for SQL Server][SQL Server]Cannot open server 'cp-drawing-hub-dev' requested by the login. Client with IP address '27.59.41.243' is not allowed to access the server.  To enable access, use the Azure Management Portal or run sp_set_firewall_rule on the master database to create a firewall rule for this IP address or address range.  It may take up to five minutes for this change to take effect. (40615) (SQLDriverConnect); [42000] [Microsoft][ODBC Driver 18 for SQL Server][SQL Server]Cannot open server 'cp-drawing-hub-dev' requested by the login. Client with IP address '27.59.41.243' is not allowed to access the server.  To enable access, use the Azure Management Portal or run sp_set_firewall_rule on the master database to create a firewall rule for this IP address or address range.  It may take up to five minutes for this change to take effect. (40615)")
2026-03-09T10:40:08  INFO      app.poller                                Polling tick — active_jobs=0
2026-03-09T10:40:10  ERROR     app.db_client                             Error fetching queued records: ('42000', "[42000] [Microsoft][ODBC Driver 18 for SQL Server][SQL Server]Cannot open server 'cp-drawing-hub-dev' requested by the login. Client with IP address '27.59.41.243' is not allowed to access the server.  To enable access, use the Azure Management Portal or run sp_set_firewall_rule on the master database to create a firewall rule for this IP address or address range.  It may take up to five minutes for this change to take effect. (40615) (SQLDriverConnect); [42000] [Microsoft][ODBC Driver 18 for SQL Server][SQL Server]Cannot open server 'cp-drawing-hub-dev' requested by the login. Client with IP address '27.59.41.243' is not allowed to access the server.  To enable access, use the Azure Management Portal or run sp_set_firewall_rule on the master database to create a firewall rule for this IP address or address range.  It may take up to five minutes for this change to take effect. (40615)")
2026-03-09T10:40:15  INFO      app.poller                                Polling tick — active_jobs=0
2026-03-09T10:40:16  ERROR     app.db_client                             Error fetching queued records: ('42000', "[42000] [Microsoft][ODBC Driver 18 for SQL Server][SQL Server]Cannot open server 'cp-drawing-hub-dev' requested by the login. Client with IP address '27.59.41.243' is not allowed to access the server.  To enable access, use the Azure Management Portal or run sp_set_firewall_rule on the master database to create a firewall rule for this IP address or address range.  It may take up to five minutes for this change to take effect. (40615) (SQLDriverConnect); [42000] [Microsoft][ODBC Driver 18 for SQL Server][SQL Server]Cannot open server 'cp-drawing-hub-dev' requested by the login. Client with IP address '27.59.41.243' is not allowed to access the server.  To enable access, use the Azure Management Portal or run sp_set_firewall_rule on the master database to create a firewall rule for this IP address or address range.  It may take up to five minutes for this change to take effect. (40615)")
2026-03-09T10:40:21  INFO      app.poller                                Polling tick — active_jobs=0
2026-03-09T10:40:22  ERROR     app.db_client                             Error fetching queued records: ('42000', "[42000] [Microsoft][ODBC Driver 18 for SQL Server][SQL Server]Cannot open server 'cp-drawing-hub-dev' requested by the login. Client with IP address '27.59.41.243' is not allowed to access the server.  To enable access, use the Azure Management Portal or run sp_set_firewall_rule on the master database to create a firewall rule for this IP address or address range.  It may take up to five minutes for this change to take effect. (40615) (SQLDriverConnect); [42000] [Microsoft][ODBC Driver 18 for SQL Server][SQL Server]Cannot open server 'cp-drawing-hub-dev' requested by the login. Client with IP address '27.59.41.243' is not allowed to access the server.  To enable access, use the Azure Management Portal or run sp_set_firewall_rule on the master database to create a firewall rule for this IP address or address range.  It may take up to five minutes for this change to take effect. (40615)")
2026-03-09T10:40:27  INFO      app.poller                                Polling tick — active_jobs=0
2026-03-09T10:40:30  ERROR     app.db_client                             Error fetching queued records: ('42000', "[42000] [Microsoft][ODBC Driver 18 for SQL Server][SQL Server]Cannot open server 'cp-drawing-hub-dev' requested by the login. Client with IP address '27.59.41.243' is not allowed to access the server.  To enable access, use the Azure Management Portal or run sp_set_firewall_rule on the master database to create a firewall rule for this IP address or address range.  It may take up to five minutes for this change to take effect. (40615) (SQLDriverConnect); [42000] [Microsoft][ODBC Driver 18 for SQL Server][SQL Server]Cannot open server 'cp-drawing-hub-dev' requested by the login. Client with IP address '27.59.41.243' is not allowed to access the server.  To enable access, use the Azure Management Portal or run sp_set_firewall_rule on the master database to create a firewall rule for this IP address or address range.  It may take up to five minutes for this change to take effect. (40615)")
2026-03-09T10:40:35  INFO      app.poller                                Polling tick — active_jobs=0
2026-03-09T10:40:36  ERROR     app.db_client                             Error fetching queued records: ('42000', "[42000] [Microsoft][ODBC Driver 18 for SQL Server][SQL Server]Cannot open server 'cp-drawing-hub-dev' requested by the login. Client with IP address '27.59.41.243' is not allowed to access the server.  To enable access, use the Azure Management Portal or run sp_set_firewall_rule on the master database to create a firewall rule for this IP address or address range.  It may take up to five minutes for this change to take effect. (40615) (SQLDriverConnect); [42000] [Microsoft][ODBC Driver 18 for SQL Server][SQL Server]Cannot open server 'cp-drawing-hub-dev' requested by the login. Client with IP address '27.59.41.243' is not allowed to access the server.  To enable access, use the Azure Management Portal or run sp_set_firewall_rule on the master database to create a firewall rule for this IP address or address range.  It may take up to five minutes for this change to take effect. (40615)")
2026-03-09T10:40:41  INFO      app.poller                                Polling tick — active_jobs=0
2026-03-09T10:40:42  ERROR     app.db_client                             Error fetching queued records: ('42000', "[42000] [Microsoft][ODBC Driver 18 for SQL Server][SQL Server]Cannot open server 'cp-drawing-hub-dev' requested by the login. Client with IP address '27.59.41.243' is not allowed to access the server.  To enable access, use the Azure Management Portal or run sp_set_firewall_rule on the master database to create a firewall rule for this IP address or address range.  It may take up to five minutes for this change to take effect. (40615) (SQLDriverConnect); [42000] [Microsoft][ODBC Driver 18 for SQL Server][SQL Server]Cannot open server 'cp-drawing-hub-dev' requested by the login. Client with IP address '27.59.41.243' is not allowed to access the server.  To enable access, use the Azure Management Portal or run sp_set_firewall_rule on the master database to create a firewall rule for this IP address or address range.  It may take up to five minutes for this change to take effect. (40615)")
2026-03-09T10:40:47  INFO      app.poller                                Polling tick — active_jobs=0
2026-03-09T10:40:49  ERROR     app.db_client                             Error fetching queued records: ('42000', "[42000] [Microsoft][ODBC Driver 18 for SQL Server][SQL Server]Cannot open server 'cp-drawing-hub-dev' requested by the login. Client with IP address '27.59.41.243' is not allowed to access the server.  To enable access, use the Azure Management Portal or run sp_set_firewall_rule on the master database to create a firewall rule for this IP address or address range.  It may take up to five minutes for this change to take effect. (40615) (SQLDriverConnect); [42000] [Microsoft][ODBC Driver 18 for SQL Server][SQL Server]Cannot open server 'cp-drawing-hub-dev' requested by the login. Client with IP address '27.59.41.243' is not allowed to access the server.  To enable access, use the Azure Management Portal or run sp_set_firewall_rule on the master database to create a firewall rule for this IP address or address range.  It may take up to five minutes for this change to take effect. (40615)")
2026-03-09T10:40:54  INFO      app.poller                                Polling tick — active_jobs=0
2026-03-09T10:40:55  ERROR     app.db_client                             Error fetching queued records: ('42000', "[42000] [Microsoft][ODBC Driver 18 for SQL Server][SQL Server]Cannot open server 'cp-drawing-hub-dev' requested by the login. Client with IP address '27.59.41.243' is not allowed to access the server.  To enable access, use the Azure Management Portal or run sp_set_firewall_rule on the master database to create a firewall rule for this IP address or address range.  It may take up to five minutes for this change to take effect. (40615) (SQLDriverConnect); [42000] [Microsoft][ODBC Driver 18 for SQL Server][SQL Server]Cannot open server 'cp-drawing-hub-dev' requested by the login. Client with IP address '27.59.41.243' is not allowed to access the server.  To enable access, use the Azure Management Portal or run sp_set_firewall_rule on the master database to create a firewall rule for this IP address or address range.  It may take up to five minutes for this change to take effect. (40615)")
2026-03-09T10:41:00  INFO      app.poller                                Polling tick — active_jobs=0
2026-03-09T10:41:01  ERROR     app.db_client                             Error fetching queued records: ('42000', "[42000] [Microsoft][ODBC Driver 18 for SQL Server][SQL Server]Cannot open server 'cp-drawing-hub-dev' requested by the login. Client with IP address '27.59.41.243' is not allowed to access the server.  To enable access, use the Azure Management Portal or run sp_set_firewall_rule on the master database to create a firewall rule for this IP address or address range.  It may take up to five minutes for this change to take effect. (40615) (SQLDriverConnect); [42000] [Microsoft][ODBC Driver 18 for SQL Server][SQL Server]Cannot open server 'cp-drawing-hub-dev' requested by the login. Client with IP address '27.59.41.243' is not allowed to access the server.  To enable access, use the Azure Management Portal or run sp_set_firewall_rule on the master database to create a firewall rule for this IP address or address range.  It may take up to five minutes for this change to take effect. (40615)")
2026-03-09T10:41:06  INFO      app.poller                                Polling tick — active_jobs=0
2026-03-09T10:41:08  ERROR     app.db_client                             Error fetching queued records: ('42000', "[42000] [Microsoft][ODBC Driver 18 for SQL Server][SQL Server]Cannot open server 'cp-drawing-hub-dev' requested by the login. Client with IP address '27.59.41.243' is not allowed to access the server.  To enable access, use the Azure Management Portal or run sp_set_firewall_rule on the master database to create a firewall rule for this IP address or address range.  It may take up to five minutes for this change to take effect. (40615) (SQLDriverConnect); [42000] [Microsoft][ODBC Driver 18 for SQL Server][SQL Server]Cannot open server 'cp-drawing-hub-dev' requested by the login. Client with IP address '27.59.41.243' is not allowed to access the server.  To enable access, use the Azure Management Portal or run sp_set_firewall_rule on the master database to create a firewall rule for this IP address or address range.  It may take up to five minutes for this change to take effect. (40615)")
2026-03-09T10:41:13  INFO      app.poller                                Polling tick — active_jobs=0
2026-03-09T10:41:14  ERROR     app.db_client                             Error fetching queued records: ('42000', "[42000] [Microsoft][ODBC Driver 18 for SQL Server][SQL Server]Cannot open server 'cp-drawing-hub-dev' requested by the login. Client with IP address '27.59.41.243' is not allowed to access the server.  To enable access, use the Azure Management Portal or run sp_set_firewall_rule on the master database to create a firewall rule for this IP address or address range.  It may take up to five minutes for this change to take effect. (40615) (SQLDriverConnect); [42000] [Microsoft][ODBC Driver 18 for SQL Server][SQL Server]Cannot open server 'cp-drawing-hub-dev' requested by the login. Client with IP address '27.59.41.243' is not allowed to access the server.  To enable access, use the Azure Management Portal or run sp_set_firewall_rule on the master database to create a firewall rule for this IP address or address range.  It may take up to five minutes for this change to take effect. (40615)")
2026-03-09T10:41:19  INFO      app.poller                                Polling tick — active_jobs=0
2026-03-09T10:41:20  ERROR     app.db_client                             Error fetching queued records: ('42000', "[42000] [Microsoft][ODBC Driver 18 for SQL Server][SQL Server]Cannot open server 'cp-drawing-hub-dev' requested by the login. Client with IP address '27.59.41.243' is not allowed to access the server.  To enable access, use the Azure Management Portal or run sp_set_firewall_rule on the master database to create a firewall rule for this IP address or address range.  It may take up to five minutes for this change to take effect. (40615) (SQLDriverConnect); [42000] [Microsoft][ODBC Driver 18 for SQL Server][SQL Server]Cannot open server 'cp-drawing-hub-dev' requested by the login. Client with IP address '27.59.41.243' is not allowed to access the server.  To enable access, use the Azure Management Portal or run sp_set_firewall_rule on the master database to create a firewall rule for this IP address or address range.  It may take up to five minutes for this change to take effect. (40615)")
2026-03-09T10:41:25  INFO      app.poller                                Polling tick — active_jobs=0
2026-03-09T10:41:27  ERROR     app.db_client                             Error fetching queued records: ('42000', "[42000] [Microsoft][ODBC Driver 18 for SQL Server][SQL Server]Cannot open server 'cp-drawing-hub-dev' requested by the login. Client with IP address '27.59.41.243' is not allowed to access the server.  To enable access, use the Azure Management Portal or run sp_set_firewall_rule on the master database to create a firewall rule for this IP address or address range.  It may take up to five minutes for this change to take effect. (40615) (SQLDriverConnect); [42000] [Microsoft][ODBC Driver 18 for SQL Server][SQL Server]Cannot open server 'cp-drawing-hub-dev' requested by the login. Client with IP address '27.59.41.243' is not allowed to access the server.  To enable access, use the Azure Management Portal or run sp_set_firewall_rule on the master database to create a firewall rule for this IP address or address range.  It may take up to five minutes for this change to take effect. (40615)")
2026-03-09T10:41:32  INFO      app.poller                                Polling tick — active_jobs=0
2026-03-09T10:41:33  ERROR     app.db_client                             Error fetching queued records: ('42000', "[42000] [Microsoft][ODBC Driver 18 for SQL Server][SQL Server]Cannot open server 'cp-drawing-hub-dev' requested by the login. Client with IP address '27.59.41.243' is not allowed to access the server.  To enable access, use the Azure Management Portal or run sp_set_firewall_rule on the master database to create a firewall rule for this IP address or address range.  It may take up to five minutes for this change to take effect. (40615) (SQLDriverConnect); [42000] [Microsoft][ODBC Driver 18 for SQL Server][SQL Server]Cannot open server 'cp-drawing-hub-dev' requested by the login. Client with IP address '27.59.41.243' is not allowed to access the server.  To enable access, use the Azure Management Portal or run sp_set_firewall_rule on the master database to create a firewall rule for this IP address or address range.  It may take up to five minutes for this change to take effect. (40615)")
2026-03-09T10:41:38  INFO      app.poller                                Polling tick — active_jobs=0
2026-03-09T10:41:39  ERROR     app.db_client                             Error fetching queued records: ('42000', "[42000] [Microsoft][ODBC Driver 18 for SQL Server][SQL Server]Cannot open server 'cp-drawing-hub-dev' requested by the login. Client with IP address '27.59.41.243' is not allowed to access the server.  To enable access, use the Azure Management Portal or run sp_set_firewall_rule on the master database to create a firewall rule for this IP address or address range.  It may take up to five minutes for this change to take effect. (40615) (SQLDriverConnect); [42000] [Microsoft][ODBC Driver 18 for SQL Server][SQL Server]Cannot open server 'cp-drawing-hub-dev' requested by the login. Client with IP address '27.59.41.243' is not allowed to access the server.  To enable access, use the Azure Management Portal or run sp_set_firewall_rule on the master database to create a firewall rule for this IP address or address range.  It may take up to five minutes for this change to take effect. (40615)")
2026-03-09T10:41:44  INFO      app.poller                                Polling tick — active_jobs=0
2026-03-09T10:41:46  ERROR     app.db_client                             Error fetching queued records: ('42000', "[42000] [Microsoft][ODBC Driver 18 for SQL Server][SQL Server]Cannot open server 'cp-drawing-hub-dev' requested by the login. Client with IP address '27.59.41.243' is not allowed to access the server.  To enable access, use the Azure Management Portal or run sp_set_firewall_rule on the master database to create a firewall rule for this IP address or address range.  It may take up to five minutes for this change to take effect. (40615) (SQLDriverConnect); [42000] [Microsoft][ODBC Driver 18 for SQL Server][SQL Server]Cannot open server 'cp-drawing-hub-dev' requested by the login. Client with IP address '27.59.41.243' is not allowed to access the server.  To enable access, use the Azure Management Portal or run sp_set_firewall_rule on the master database to create a firewall rule for this IP address or address range.  It may take up to five minutes for this change to take effect. (40615)")
2026-03-09T10:41:51  INFO      app.poller                                Polling tick — active_jobs=0
2026-03-09T10:41:52  ERROR     app.db_client                             Error fetching queued records: ('42000', "[42000] [Microsoft][ODBC Driver 18 for SQL Server][SQL Server]Cannot open server 'cp-drawing-hub-dev' requested by the login. Client with IP address '27.59.41.243' is not allowed to access the server.  To enable access, use the Azure Management Portal or run sp_set_firewall_rule on the master database to create a firewall rule for this IP address or address range.  It may take up to five minutes for this change to take effect. (40615) (SQLDriverConnect); [42000] [Microsoft][ODBC Driver 18 for SQL Server][SQL Server]Cannot open server 'cp-drawing-hub-dev' requested by the login. Client with IP address '27.59.41.243' is not allowed to access the server.  To enable access, use the Azure Management Portal or run sp_set_firewall_rule on the master database to create a firewall rule for this IP address or address range.  It may take up to five minutes for this change to take effect. (40615)")
2026-03-09T10:41:57  INFO      app.poller                                Polling tick — active_jobs=0
2026-03-09T10:41:59  ERROR     app.db_client                             Error fetching queued records: ('42000', "[42000] [Microsoft][ODBC Driver 18 for SQL Server][SQL Server]Cannot open server 'cp-drawing-hub-dev' requested by the login. Client with IP address '27.59.41.243' is not allowed to access the server.  To enable access, use the Azure Management Portal or run sp_set_firewall_rule on the master database to create a firewall rule for this IP address or address range.  It may take up to five minutes for this change to take effect. (40615) (SQLDriverConnect); [42000] [Microsoft][ODBC Driver 18 for SQL Server][SQL Server]Cannot open server 'cp-drawing-hub-dev' requested by the login. Client with IP address '27.59.41.243' is not allowed to access the server.  To enable access, use the Azure Management Portal or run sp_set_firewall_rule on the master database to create a firewall rule for this IP address or address range.  It may take up to five minutes for this change to take effect. (40615)")
2026-03-09T10:42:04  INFO      app.poller                                Polling tick — active_jobs=0
2026-03-09T10:42:05  ERROR     app.db_client                             Error fetching queued records: ('42000', "[42000] [Microsoft][ODBC Driver 18 for SQL Server][SQL Server]Cannot open server 'cp-drawing-hub-dev' requested by the login. Client with IP address '27.59.41.243' is not allowed to access the server.  To enable access, use the Azure Management Portal or run sp_set_firewall_rule on the master database to create a firewall rule for this IP address or address range.  It may take up to five minutes for this change to take effect. (40615) (SQLDriverConnect); [42000] [Microsoft][ODBC Driver 18 for SQL Server][SQL Server]Cannot open server 'cp-drawing-hub-dev' requested by the login. Client with IP address '27.59.41.243' is not allowed to access the server.  To enable access, use the Azure Management Portal or run sp_set_firewall_rule on the master database to create a firewall rule for this IP address or address range.  It may take up to five minutes for this change to take effect. (40615)")
2026-03-09T10:42:10  INFO      app.poller                                Polling tick — active_jobs=0
2026-03-09T10:42:11  ERROR     app.db_client                             Error fetching queued records: ('42000', "[42000] [Microsoft][ODBC Driver 18 for SQL Server][SQL Server]Cannot open server 'cp-drawing-hub-dev' requested by the login. Client with IP address '27.59.41.243' is not allowed to access the server.  To enable access, use the Azure Management Portal or run sp_set_firewall_rule on the master database to create a firewall rule for this IP address or address range.  It may take up to five minutes for this change to take effect. (40615) (SQLDriverConnect); [42000] [Microsoft][ODBC Driver 18 for SQL Server][SQL Server]Cannot open server 'cp-drawing-hub-dev' requested by the login. Client with IP address '27.59.41.243' is not allowed to access the server.  To enable access, use the Azure Management Portal or run sp_set_firewall_rule on the master database to create a firewall rule for this IP address or address range.  It may take up to five minutes for this change to take effect. (40615)")
2026-03-09T10:42:16  INFO      app.poller                                Polling tick — active_jobs=0
2026-03-09T10:42:18  ERROR     app.db_client                             Error fetching queued records: ('42000', "[42000] [Microsoft][ODBC Driver 18 for SQL Server][SQL Server]Cannot open server 'cp-drawing-hub-dev' requested by the login. Client with IP address '27.59.41.243' is not allowed to access the server.  To enable access, use the Azure Management Portal or run sp_set_firewall_rule on the master database to create a firewall rule for this IP address or address range.  It may take up to five minutes for this change to take effect. (40615) (SQLDriverConnect); [42000] [Microsoft][ODBC Driver 18 for SQL Server][SQL Server]Cannot open server 'cp-drawing-hub-dev' requested by the login. Client with IP address '27.59.41.243' is not allowed to access the server.  To enable access, use the Azure Management Portal or run sp_set_firewall_rule on the master database to create a firewall rule for this IP address or address range.  It may take up to five minutes for this change to take effect. (40615)")
2026-03-09T10:42:23  INFO      app.poller                                Polling tick — active_jobs=0
2026-03-09T10:42:24  ERROR     app.db_client                             Error fetching queued records: ('42000', "[42000] [Microsoft][ODBC Driver 18 for SQL Server][SQL Server]Cannot open server 'cp-drawing-hub-dev' requested by the login. Client with IP address '27.59.41.243' is not allowed to access the server.  To enable access, use the Azure Management Portal or run sp_set_firewall_rule on the master database to create a firewall rule for this IP address or address range.  It may take up to five minutes for this change to take effect. (40615) (SQLDriverConnect); [42000] [Microsoft][ODBC Driver 18 for SQL Server][SQL Server]Cannot open server 'cp-drawing-hub-dev' requested by the login. Client with IP address '27.59.41.243' is not allowed to access the server.  To enable access, use the Azure Management Portal or run sp_set_firewall_rule on the master database to create a firewall rule for this IP address or address range.  It may take up to five minutes for this change to take effect. (40615)")
2026-03-09T10:42:29  INFO      app.poller                                Polling tick — active_jobs=0
2026-03-09T10:42:32  ERROR     app.db_client                             Error fetching queued records: ('42000', "[42000] [Microsoft][ODBC Driver 18 for SQL Server][SQL Server]Cannot open server 'cp-drawing-hub-dev' requested by the login. Client with IP address '27.59.41.243' is not allowed to access the server.  To enable access, use the Azure Management Portal or run sp_set_firewall_rule on the master database to create a firewall rule for this IP address or address range.  It may take up to five minutes for this change to take effect. (40615) (SQLDriverConnect); [42000] [Microsoft][ODBC Driver 18 for SQL Server][SQL Server]Cannot open server 'cp-drawing-hub-dev' requested by the login. Client with IP address '27.59.41.243' is not allowed to access the server.  To enable access, use the Azure Management Portal or run sp_set_firewall_rule on the master database to create a firewall rule for this IP address or address range.  It may take up to five minutes for this change to take effect. (40615)")
2026-03-09T10:42:37  INFO      app.poller                                Polling tick — active_jobs=0
2026-03-09T10:42:38  ERROR     app.db_client                             Error fetching queued records: ('42000', "[42000] [Microsoft][ODBC Driver 18 for SQL Server][SQL Server]Cannot open server 'cp-drawing-hub-dev' requested by the login. Client with IP address '27.59.41.243' is not allowed to access the server.  To enable access, use the Azure Management Portal or run sp_set_firewall_rule on the master database to create a firewall rule for this IP address or address range.  It may take up to five minutes for this change to take effect. (40615) (SQLDriverConnect); [42000] [Microsoft][ODBC Driver 18 for SQL Server][SQL Server]Cannot open server 'cp-drawing-hub-dev' requested by the login. Client with IP address '27.59.41.243' is not allowed to access the server.  To enable access, use the Azure Management Portal or run sp_set_firewall_rule on the master database to create a firewall rule for this IP address or address range.  It may take up to five minutes for this change to take effect. (40615)")
2026-03-09T10:42:43  INFO      app.poller                                Polling tick — active_jobs=0
2026-03-09T10:42:44  ERROR     app.db_client                             Error fetching queued records: ('42000', "[42000] [Microsoft][ODBC Driver 18 for SQL Server][SQL Server]Cannot open server 'cp-drawing-hub-dev' requested by the login. Client with IP address '27.59.41.243' is not allowed to access the server.  To enable access, use the Azure Management Portal or run sp_set_firewall_rule on the master database to create a firewall rule for this IP address or address range.  It may take up to five minutes for this change to take effect. (40615) (SQLDriverConnect); [42000] [Microsoft][ODBC Driver 18 for SQL Server][SQL Server]Cannot open server 'cp-drawing-hub-dev' requested by the login. Client with IP address '27.59.41.243' is not allowed to access the server.  To enable access, use the Azure Management Portal or run sp_set_firewall_rule on the master database to create a firewall rule for this IP address or address range.  It may take up to five minutes for this change to take effect. (40615)")
2026-03-09T10:42:49  INFO      app.poller                                Polling tick — active_jobs=0
2026-03-09T10:42:51  ERROR     app.db_client                             Error fetching queued records: ('42000', "[42000] [Microsoft][ODBC Driver 18 for SQL Server][SQL Server]Cannot open server 'cp-drawing-hub-dev' requested by the login. Client with IP address '27.59.41.243' is not allowed to access the server.  To enable access, use the Azure Management Portal or run sp_set_firewall_rule on the master database to create a firewall rule for this IP address or address range.  It may take up to five minutes for this change to take effect. (40615) (SQLDriverConnect); [42000] [Microsoft][ODBC Driver 18 for SQL Server][SQL Server]Cannot open server 'cp-drawing-hub-dev' requested by the login. Client with IP address '27.59.41.243' is not allowed to access the server.  To enable access, use the Azure Management Portal or run sp_set_firewall_rule on the master database to create a firewall rule for this IP address or address range.  It may take up to five minutes for this change to take effect. (40615)")
2026-03-09T10:42:56  INFO      app.poller                                Polling tick — active_jobs=0
2026-03-09T10:42:57  ERROR     app.db_client                             Error fetching queued records: ('42000', "[42000] [Microsoft][ODBC Driver 18 for SQL Server][SQL Server]Cannot open server 'cp-drawing-hub-dev' requested by the login. Client with IP address '27.59.41.243' is not allowed to access the server.  To enable access, use the Azure Management Portal or run sp_set_firewall_rule on the master database to create a firewall rule for this IP address or address range.  It may take up to five minutes for this change to take effect. (40615) (SQLDriverConnect); [42000] [Microsoft][ODBC Driver 18 for SQL Server][SQL Server]Cannot open server 'cp-drawing-hub-dev' requested by the login. Client with IP address '27.59.41.243' is not allowed to access the server.  To enable access, use the Azure Management Portal or run sp_set_firewall_rule on the master database to create a firewall rule for this IP address or address range.  It may take up to five minutes for this change to take effect. (40615)")
2026-03-09T10:43:02  INFO      app.poller                                Polling tick — active_jobs=0
2026-03-09T10:43:03  ERROR     app.db_client                             Error fetching queued records: ('42000', "[42000] [Microsoft][ODBC Driver 18 for SQL Server][SQL Server]Cannot open server 'cp-drawing-hub-dev' requested by the login. Client with IP address '27.59.41.243' is not allowed to access the server.  To enable access, use the Azure Management Portal or run sp_set_firewall_rule on the master database to create a firewall rule for this IP address or address range.  It may take up to five minutes for this change to take effect. (40615) (SQLDriverConnect); [42000] [Microsoft][ODBC Driver 18 for SQL Server][SQL Server]Cannot open server 'cp-drawing-hub-dev' requested by the login. Client with IP address '27.59.41.243' is not allowed to access the server.  To enable access, use the Azure Management Portal or run sp_set_firewall_rule on the master database to create a firewall rule for this IP address or address range.  It may take up to five minutes for this change to take effect. (40615)")
2026-03-09T10:43:08  INFO      app.poller                                Polling tick — active_jobs=0
2026-03-09T10:43:10  ERROR     app.db_client                             Error fetching queued records: ('42000', "[42000] [Microsoft][ODBC Driver 18 for SQL Server][SQL Server]Cannot open server 'cp-drawing-hub-dev' requested by the login. Client with IP address '27.59.41.243' is not allowed to access the server.  To enable access, use the Azure Management Portal or run sp_set_firewall_rule on the master database to create a firewall rule for this IP address or address range.  It may take up to five minutes for this change to take effect. (40615) (SQLDriverConnect); [42000] [Microsoft][ODBC Driver 18 for SQL Server][SQL Server]Cannot open server 'cp-drawing-hub-dev' requested by the login. Client with IP address '27.59.41.243' is not allowed to access the server.  To enable access, use the Azure Management Portal or run sp_set_firewall_rule on the master database to create a firewall rule for this IP address or address range.  It may take up to five minutes for this change to take effect. (40615)")
2026-03-09T10:43:15  INFO      app.poller                                Polling tick — active_jobs=0
2026-03-09T10:43:16  ERROR     app.db_client                             Error fetching queued records: ('42000', "[42000] [Microsoft][ODBC Driver 18 for SQL Server][SQL Server]Cannot open server 'cp-drawing-hub-dev' requested by the login. Client with IP address '27.59.41.243' is not allowed to access the server.  To enable access, use the Azure Management Portal or run sp_set_firewall_rule on the master database to create a firewall rule for this IP address or address range.  It may take up to five minutes for this change to take effect. (40615) (SQLDriverConnect); [42000] [Microsoft][ODBC Driver 18 for SQL Server][SQL Server]Cannot open server 'cp-drawing-hub-dev' requested by the login. Client with IP address '27.59.41.243' is not allowed to access the server.  To enable access, use the Azure Management Portal or run sp_set_firewall_rule on the master database to create a firewall rule for this IP address or address range.  It may take up to five minutes for this change to take effect. (40615)")
2026-03-09T10:43:21  INFO      app.poller                                Polling tick — active_jobs=0
2026-03-09T10:43:22  ERROR     app.db_client                             Error fetching queued records: ('42000', "[42000] [Microsoft][ODBC Driver 18 for SQL Server][SQL Server]Cannot open server 'cp-drawing-hub-dev' requested by the login. Client with IP address '27.59.41.243' is not allowed to access the server.  To enable access, use the Azure Management Portal or run sp_set_firewall_rule on the master database to create a firewall rule for this IP address or address range.  It may take up to five minutes for this change to take effect. (40615) (SQLDriverConnect); [42000] [Microsoft][ODBC Driver 18 for SQL Server][SQL Server]Cannot open server 'cp-drawing-hub-dev' requested by the login. Client with IP address '27.59.41.243' is not allowed to access the server.  To enable access, use the Azure Management Portal or run sp_set_firewall_rule on the master database to create a firewall rule for this IP address or address range.  It may take up to five minutes for this change to take effect. (40615)")
2026-03-09T10:43:27  INFO      app.poller                                Polling tick — active_jobs=0
2026-03-09T10:43:29  ERROR     app.db_client                             Error fetching queued records: ('42000', "[42000] [Microsoft][ODBC Driver 18 for SQL Server][SQL Server]Cannot open server 'cp-drawing-hub-dev' requested by the login. Client with IP address '27.59.41.243' is not allowed to access the server.  To enable access, use the Azure Management Portal or run sp_set_firewall_rule on the master database to create a firewall rule for this IP address or address range.  It may take up to five minutes for this change to take effect. (40615) (SQLDriverConnect); [42000] [Microsoft][ODBC Driver 18 for SQL Server][SQL Server]Cannot open server 'cp-drawing-hub-dev' requested by the login. Client with IP address '27.59.41.243' is not allowed to access the server.  To enable access, use the Azure Management Portal or run sp_set_firewall_rule on the master database to create a firewall rule for this IP address or address range.  It may take up to five minutes for this change to take effect. (40615)")
2026-03-09T10:43:34  INFO      app.poller                                Polling tick — active_jobs=0
2026-03-09T10:43:35  ERROR     app.db_client                             Error fetching queued records: ('42000', "[42000] [Microsoft][ODBC Driver 18 for SQL Server][SQL Server]Cannot open server 'cp-drawing-hub-dev' requested by the login. Client with IP address '27.59.41.243' is not allowed to access the server.  To enable access, use the Azure Management Portal or run sp_set_firewall_rule on the master database to create a firewall rule for this IP address or address range.  It may take up to five minutes for this change to take effect. (40615) (SQLDriverConnect); [42000] [Microsoft][ODBC Driver 18 for SQL Server][SQL Server]Cannot open server 'cp-drawing-hub-dev' requested by the login. Client with IP address '27.59.41.243' is not allowed to access the server.  To enable access, use the Azure Management Portal or run sp_set_firewall_rule on the master database to create a firewall rule for this IP address or address range.  It may take up to five minutes for this change to take effect. (40615)")
2026-03-09T10:43:40  INFO      app.poller                                Polling tick — active_jobs=0
2026-03-09T10:43:41  ERROR     app.db_client                             Error fetching queued records: ('42000', "[42000] [Microsoft][ODBC Driver 18 for SQL Server][SQL Server]Cannot open server 'cp-drawing-hub-dev' requested by the login. Client with IP address '27.59.41.243' is not allowed to access the server.  To enable access, use the Azure Management Portal or run sp_set_firewall_rule on the master database to create a firewall rule for this IP address or address range.  It may take up to five minutes for this change to take effect. (40615) (SQLDriverConnect); [42000] [Microsoft][ODBC Driver 18 for SQL Server][SQL Server]Cannot open server 'cp-drawing-hub-dev' requested by the login. Client with IP address '27.59.41.243' is not allowed to access the server.  To enable access, use the Azure Management Portal or run sp_set_firewall_rule on the master database to create a firewall rule for this IP address or address range.  It may take up to five minutes for this change to take effect. (40615)")
2026-03-09T10:43:46  INFO      app.poller                                Polling tick — active_jobs=0
2026-03-09T10:43:48  ERROR     app.db_client                             Error fetching queued records: ('42000', "[42000] [Microsoft][ODBC Driver 18 for SQL Server][SQL Server]Cannot open server 'cp-drawing-hub-dev' requested by the login. Client with IP address '27.59.41.243' is not allowed to access the server.  To enable access, use the Azure Management Portal or run sp_set_firewall_rule on the master database to create a firewall rule for this IP address or address range.  It may take up to five minutes for this change to take effect. (40615) (SQLDriverConnect); [42000] [Microsoft][ODBC Driver 18 for SQL Server][SQL Server]Cannot open server 'cp-drawing-hub-dev' requested by the login. Client with IP address '27.59.41.243' is not allowed to access the server.  To enable access, use the Azure Management Portal or run sp_set_firewall_rule on the master database to create a firewall rule for this IP address or address range.  It may take up to five minutes for this change to take effect. (40615)")
2026-03-09T10:43:53  INFO      app.poller                                Polling tick — active_jobs=0
2026-03-09T10:43:54  ERROR     app.db_client                             Error fetching queued records: ('42000', "[42000] [Microsoft][ODBC Driver 18 for SQL Server][SQL Server]Cannot open server 'cp-drawing-hub-dev' requested by the login. Client with IP address '27.59.41.243' is not allowed to access the server.  To enable access, use the Azure Management Portal or run sp_set_firewall_rule on the master database to create a firewall rule for this IP address or address range.  It may take up to five minutes for this change to take effect. (40615) (SQLDriverConnect); [42000] [Microsoft][ODBC Driver 18 for SQL Server][SQL Server]Cannot open server 'cp-drawing-hub-dev' requested by the login. Client with IP address '27.59.41.243' is not allowed to access the server.  To enable access, use the Azure Management Portal or run sp_set_firewall_rule on the master database to create a firewall rule for this IP address or address range.  It may take up to five minutes for this change to take effect. (40615)")
2026-03-09T10:43:59  INFO      app.poller                                Polling tick — active_jobs=0
2026-03-09T10:44:00  ERROR     app.db_client                             Error fetching queued records: ('42000', "[42000] [Microsoft][ODBC Driver 18 for SQL Server][SQL Server]Cannot open server 'cp-drawing-hub-dev' requested by the login. Client with IP address '27.59.41.243' is not allowed to access the server.  To enable access, use the Azure Management Portal or run sp_set_firewall_rule on the master database to create a firewall rule for this IP address or address range.  It may take up to five minutes for this change to take effect. (40615) (SQLDriverConnect); [42000] [Microsoft][ODBC Driver 18 for SQL Server][SQL Server]Cannot open server 'cp-drawing-hub-dev' requested by the login. Client with IP address '27.59.41.243' is not allowed to access the server.  To enable access, use the Azure Management Portal or run sp_set_firewall_rule on the master database to create a firewall rule for this IP address or address range.  It may take up to five minutes for this change to take effect. (40615)")
2026-03-09T10:44:05  INFO      app.poller                                Polling tick — active_jobs=0
2026-03-09T10:44:07  ERROR     app.db_client                             Error fetching queued records: ('42000', "[42000] [Microsoft][ODBC Driver 18 for SQL Server][SQL Server]Cannot open server 'cp-drawing-hub-dev' requested by the login. Client with IP address '27.59.41.243' is not allowed to access the server.  To enable access, use the Azure Management Portal or run sp_set_firewall_rule on the master database to create a firewall rule for this IP address or address range.  It may take up to five minutes for this change to take effect. (40615) (SQLDriverConnect); [42000] [Microsoft][ODBC Driver 18 for SQL Server][SQL Server]Cannot open server 'cp-drawing-hub-dev' requested by the login. Client with IP address '27.59.41.243' is not allowed to access the server.  To enable access, use the Azure Management Portal or run sp_set_firewall_rule on the master database to create a firewall rule for this IP address or address range.  It may take up to five minutes for this change to take effect. (40615)")
2026-03-09T10:44:12  INFO      app.poller                                Polling tick — active_jobs=0
2026-03-09T10:44:13  ERROR     app.db_client                             Error fetching queued records: ('42000', "[42000] [Microsoft][ODBC Driver 18 for SQL Server][SQL Server]Cannot open server 'cp-drawing-hub-dev' requested by the login. Client with IP address '27.59.41.243' is not allowed to access the server.  To enable access, use the Azure Management Portal or run sp_set_firewall_rule on the master database to create a firewall rule for this IP address or address range.  It may take up to five minutes for this change to take effect. (40615) (SQLDriverConnect); [42000] [Microsoft][ODBC Driver 18 for SQL Server][SQL Server]Cannot open server 'cp-drawing-hub-dev' requested by the login. Client with IP address '27.59.41.243' is not allowed to access the server.  To enable access, use the Azure Management Portal or run sp_set_firewall_rule on the master database to create a firewall rule for this IP address or address range.  It may take up to five minutes for this change to take effect. (40615)")
2026-03-09T10:44:18  INFO      app.poller                                Polling tick — active_jobs=0
2026-03-09T10:44:19  ERROR     app.db_client                             Error fetching queued records: ('42000', "[42000] [Microsoft][ODBC Driver 18 for SQL Server][SQL Server]Cannot open server 'cp-drawing-hub-dev' requested by the login. Client with IP address '27.59.41.243' is not allowed to access the server.  To enable access, use the Azure Management Portal or run sp_set_firewall_rule on the master database to create a firewall rule for this IP address or address range.  It may take up to five minutes for this change to take effect. (40615) (SQLDriverConnect); [42000] [Microsoft][ODBC Driver 18 for SQL Server][SQL Server]Cannot open server 'cp-drawing-hub-dev' requested by the login. Client with IP address '27.59.41.243' is not allowed to access the server.  To enable access, use the Azure Management Portal or run sp_set_firewall_rule on the master database to create a firewall rule for this IP address or address range.  It may take up to five minutes for this change to take effect. (40615)")
2026-03-09T10:44:24  INFO      app.poller                                Polling tick — active_jobs=0
2026-03-09T10:44:26  ERROR     app.db_client                             Error fetching queued records: ('42000', "[42000] [Microsoft][ODBC Driver 18 for SQL Server][SQL Server]Cannot open server 'cp-drawing-hub-dev' requested by the login. Client with IP address '27.59.41.243' is not allowed to access the server.  To enable access, use the Azure Management Portal or run sp_set_firewall_rule on the master database to create a firewall rule for this IP address or address range.  It may take up to five minutes for this change to take effect. (40615) (SQLDriverConnect); [42000] [Microsoft][ODBC Driver 18 for SQL Server][SQL Server]Cannot open server 'cp-drawing-hub-dev' requested by the login. Client with IP address '27.59.41.243' is not allowed to access the server.  To enable access, use the Azure Management Portal or run sp_set_firewall_rule on the master database to create a firewall rule for this IP address or address range.  It may take up to five minutes for this change to take effect. (40615)")
2026-03-09T10:44:31  INFO      app.poller                                Polling tick — active_jobs=0
2026-03-09T10:44:32  ERROR     app.db_client                             Error fetching queued records: ('42000', "[42000] [Microsoft][ODBC Driver 18 for SQL Server][SQL Server]Cannot open server 'cp-drawing-hub-dev' requested by the login. Client with IP address '27.59.41.243' is not allowed to access the server.  To enable access, use the Azure Management Portal or run sp_set_firewall_rule on the master database to create a firewall rule for this IP address or address range.  It may take up to five minutes for this change to take effect. (40615) (SQLDriverConnect); [42000] [Microsoft][ODBC Driver 18 for SQL Server][SQL Server]Cannot open server 'cp-drawing-hub-dev' requested by the login. Client with IP address '27.59.41.243' is not allowed to access the server.  To enable access, use the Azure Management Portal or run sp_set_firewall_rule on the master database to create a firewall rule for this IP address or address range.  It may take up to five minutes for this change to take effect. (40615)")
2026-03-09T10:44:37  INFO      app.poller                                Polling tick — active_jobs=0
2026-03-09T10:44:38  ERROR     app.db_client                             Error fetching queued records: ('42000', "[42000] [Microsoft][ODBC Driver 18 for SQL Server][SQL Server]Cannot open server 'cp-drawing-hub-dev' requested by the login. Client with IP address '27.59.41.243' is not allowed to access the server.  To enable access, use the Azure Management Portal or run sp_set_firewall_rule on the master database to create a firewall rule for this IP address or address range.  It may take up to five minutes for this change to take effect. (40615) (SQLDriverConnect); [42000] [Microsoft][ODBC Driver 18 for SQL Server][SQL Server]Cannot open server 'cp-drawing-hub-dev' requested by the login. Client with IP address '27.59.41.243' is not allowed to access the server.  To enable access, use the Azure Management Portal or run sp_set_firewall_rule on the master database to create a firewall rule for this IP address or address range.  It may take up to five minutes for this change to take effect. (40615)")
2026-03-09T10:44:43  INFO      app.poller                                Polling tick — active_jobs=0
2026-03-09T10:44:47  ERROR     app.db_client                             Error fetching queued records: ('42000', "[42000] [Microsoft][ODBC Driver 18 for SQL Server][SQL Server]Cannot open server 'cp-drawing-hub-dev' requested by the login. Client with IP address '27.59.41.243' is not allowed to access the server.  To enable access, use the Azure Management Portal or run sp_set_firewall_rule on the master database to create a firewall rule for this IP address or address range.  It may take up to five minutes for this change to take effect. (40615) (SQLDriverConnect); [42000] [Microsoft][ODBC Driver 18 for SQL Server][SQL Server]Cannot open server 'cp-drawing-hub-dev' requested by the login. Client with IP address '27.59.41.243' is not allowed to access the server.  To enable access, use the Azure Management Portal or run sp_set_firewall_rule on the master database to create a firewall rule for this IP address or address range.  It may take up to five minutes for this change to take effect. (40615)")
2026-03-09T10:44:52  INFO      app.poller                                Polling tick — active_jobs=0
2026-03-09T10:44:53  ERROR     app.db_client                             Error fetching queued records: ('42000', "[42000] [Microsoft][ODBC Driver 18 for SQL Server][SQL Server]Cannot open server 'cp-drawing-hub-dev' requested by the login. Client with IP address '27.59.41.243' is not allowed to access the server.  To enable access, use the Azure Management Portal or run sp_set_firewall_rule on the master database to create a firewall rule for this IP address or address range.  It may take up to five minutes for this change to take effect. (40615) (SQLDriverConnect); [42000] [Microsoft][ODBC Driver 18 for SQL Server][SQL Server]Cannot open server 'cp-drawing-hub-dev' requested by the login. Client with IP address '27.59.41.243' is not allowed to access the server.  To enable access, use the Azure Management Portal or run sp_set_firewall_rule on the master database to create a firewall rule for this IP address or address range.  It may take up to five minutes for this change to take effect. (40615)")
2026-03-09T10:44:58  INFO      app.poller                                Polling tick — active_jobs=0
2026-03-09T10:45:01  ERROR     app.db_client                             Error fetching queued records: ('42000', "[42000] [Microsoft][ODBC Driver 18 for SQL Server][SQL Server]Cannot open server 'cp-drawing-hub-dev' requested by the login. Client with IP address '27.59.41.243' is not allowed to access the server.  To enable access, use the Azure Management Portal or run sp_set_firewall_rule on the master database to create a firewall rule for this IP address or address range.  It may take up to five minutes for this change to take effect. (40615) (SQLDriverConnect); [42000] [Microsoft][ODBC Driver 18 for SQL Server][SQL Server]Cannot open server 'cp-drawing-hub-dev' requested by the login. Client with IP address '27.59.41.243' is not allowed to access the server.  To enable access, use the Azure Management Portal or run sp_set_firewall_rule on the master database to create a firewall rule for this IP address or address range.  It may take up to five minutes for this change to take effect. (40615)")
2026-03-09T10:45:06  INFO      app.poller                                Polling tick — active_jobs=0
2026-03-09T10:45:08  ERROR     app.db_client                             Error fetching queued records: ('42000', "[42000] [Microsoft][ODBC Driver 18 for SQL Server][SQL Server]Cannot open server 'cp-drawing-hub-dev' requested by the login. Client with IP address '27.59.41.243' is not allowed to access the server.  To enable access, use the Azure Management Portal or run sp_set_firewall_rule on the master database to create a firewall rule for this IP address or address range.  It may take up to five minutes for this change to take effect. (40615) (SQLDriverConnect); [42000] [Microsoft][ODBC Driver 18 for SQL Server][SQL Server]Cannot open server 'cp-drawing-hub-dev' requested by the login. Client with IP address '27.59.41.243' is not allowed to access the server.  To enable access, use the Azure Management Portal or run sp_set_firewall_rule on the master database to create a firewall rule for this IP address or address range.  It may take up to five minutes for this change to take effect. (40615)")
2026-03-09T10:45:13  INFO      app.poller                                Polling tick — active_jobs=0
2026-03-09T10:45:15  ERROR     app.db_client                             Error fetching queued records: ('42000', "[42000] [Microsoft][ODBC Driver 18 for SQL Server][SQL Server]Cannot open server 'cp-drawing-hub-dev' requested by the login. Client with IP address '27.59.41.243' is not allowed to access the server.  To enable access, use the Azure Management Portal or run sp_set_firewall_rule on the master database to create a firewall rule for this IP address or address range.  It may take up to five minutes for this change to take effect. (40615) (SQLDriverConnect); [42000] [Microsoft][ODBC Driver 18 for SQL Server][SQL Server]Cannot open server 'cp-drawing-hub-dev' requested by the login. Client with IP address '27.59.41.243' is not allowed to access the server.  To enable access, use the Azure Management Portal or run sp_set_firewall_rule on the master database to create a firewall rule for this IP address or address range.  It may take up to five minutes for this change to take effect. (40615)")
2026-03-09T10:45:20  INFO      app.poller                                Polling tick — active_jobs=0
2026-03-09T10:45:21  ERROR     app.db_client                             Error fetching queued records: ('42000', "[42000] [Microsoft][ODBC Driver 18 for SQL Server][SQL Server]Cannot open server 'cp-drawing-hub-dev' requested by the login. Client with IP address '27.59.41.243' is not allowed to access the server.  To enable access, use the Azure Management Portal or run sp_set_firewall_rule on the master database to create a firewall rule for this IP address or address range.  It may take up to five minutes for this change to take effect. (40615) (SQLDriverConnect); [42000] [Microsoft][ODBC Driver 18 for SQL Server][SQL Server]Cannot open server 'cp-drawing-hub-dev' requested by the login. Client with IP address '27.59.41.243' is not allowed to access the server.  To enable access, use the Azure Management Portal or run sp_set_firewall_rule on the master database to create a firewall rule for this IP address or address range.  It may take up to five minutes for this change to take effect. (40615)")
2026-03-09T10:45:26  INFO      app.poller                                Polling tick — active_jobs=0
2026-03-09T10:45:27  ERROR     app.db_client                             Error fetching queued records: ('42000', "[42000] [Microsoft][ODBC Driver 18 for SQL Server][SQL Server]Cannot open server 'cp-drawing-hub-dev' requested by the login. Client with IP address '27.59.41.243' is not allowed to access the server.  To enable access, use the Azure Management Portal or run sp_set_firewall_rule on the master database to create a firewall rule for this IP address or address range.  It may take up to five minutes for this change to take effect. (40615) (SQLDriverConnect); [42000] [Microsoft][ODBC Driver 18 for SQL Server][SQL Server]Cannot open server 'cp-drawing-hub-dev' requested by the login. Client with IP address '27.59.41.243' is not allowed to access the server.  To enable access, use the Azure Management Portal or run sp_set_firewall_rule on the master database to create a firewall rule for this IP address or address range.  It may take up to five minutes for this change to take effect. (40615)")
2026-03-09T10:45:32  INFO      app.poller                                Polling tick — active_jobs=0
2026-03-09T10:45:34  ERROR     app.db_client                             Error fetching queued records: ('42000', "[42000] [Microsoft][ODBC Driver 18 for SQL Server][SQL Server]Cannot open server 'cp-drawing-hub-dev' requested by the login. Client with IP address '27.59.41.243' is not allowed to access the server.  To enable access, use the Azure Management Portal or run sp_set_firewall_rule on the master database to create a firewall rule for this IP address or address range.  It may take up to five minutes for this change to take effect. (40615) (SQLDriverConnect); [42000] [Microsoft][ODBC Driver 18 for SQL Server][SQL Server]Cannot open server 'cp-drawing-hub-dev' requested by the login. Client with IP address '27.59.41.243' is not allowed to access the server.  To enable access, use the Azure Management Portal or run sp_set_firewall_rule on the master database to create a firewall rule for this IP address or address range.  It may take up to five minutes for this change to take effect. (40615)")
2026-03-09T10:45:39  INFO      app.poller                                Polling tick — active_jobs=0
2026-03-09T10:45:40  ERROR     app.db_client                             Error fetching queued records: ('42000', "[42000] [Microsoft][ODBC Driver 18 for SQL Server][SQL Server]Cannot open server 'cp-drawing-hub-dev' requested by the login. Client with IP address '27.59.41.243' is not allowed to access the server.  To enable access, use the Azure Management Portal or run sp_set_firewall_rule on the master database to create a firewall rule for this IP address or address range.  It may take up to five minutes for this change to take effect. (40615) (SQLDriverConnect); [42000] [Microsoft][ODBC Driver 18 for SQL Server][SQL Server]Cannot open server 'cp-drawing-hub-dev' requested by the login. Client with IP address '27.59.41.243' is not allowed to access the server.  To enable access, use the Azure Management Portal or run sp_set_firewall_rule on the master database to create a firewall rule for this IP address or address range.  It may take up to five minutes for this change to take effect. (40615)")
2026-03-09T10:45:45  INFO      app.poller                                Polling tick — active_jobs=0
2026-03-09T10:45:47  ERROR     app.db_client                             Error fetching queued records: ('42000', "[42000] [Microsoft][ODBC Driver 18 for SQL Server][SQL Server]Cannot open server 'cp-drawing-hub-dev' requested by the login. Client with IP address '27.59.41.243' is not allowed to access the server.  To enable access, use the Azure Management Portal or run sp_set_firewall_rule on the master database to create a firewall rule for this IP address or address range.  It may take up to five minutes for this change to take effect. (40615) (SQLDriverConnect); [42000] [Microsoft][ODBC Driver 18 for SQL Server][SQL Server]Cannot open server 'cp-drawing-hub-dev' requested by the login. Client with IP address '27.59.41.243' is not allowed to access the server.  To enable access, use the Azure Management Portal or run sp_set_firewall_rule on the master database to create a firewall rule for this IP address or address range.  It may take up to five minutes for this change to take effect. (40615)")
2026-03-09T10:45:52  INFO      app.poller                                Polling tick — active_jobs=0
2026-03-09T10:45:54  ERROR     app.db_client                             Error fetching queued records: ('42000', "[42000] [Microsoft][ODBC Driver 18 for SQL Server][SQL Server]Cannot open server 'cp-drawing-hub-dev' requested by the login. Client with IP address '27.59.41.243' is not allowed to access the server.  To enable access, use the Azure Management Portal or run sp_set_firewall_rule on the master database to create a firewall rule for this IP address or address range.  It may take up to five minutes for this change to take effect. (40615) (SQLDriverConnect); [42000] [Microsoft][ODBC Driver 18 for SQL Server][SQL Server]Cannot open server 'cp-drawing-hub-dev' requested by the login. Client with IP address '27.59.41.243' is not allowed to access the server.  To enable access, use the Azure Management Portal or run sp_set_firewall_rule on the master database to create a firewall rule for this IP address or address range.  It may take up to five minutes for this change to take effect. (40615)")
2026-03-09T10:45:59  INFO      app.poller                                Polling tick — active_jobs=0
2026-03-09T10:46:01  ERROR     app.db_client                             Error fetching queued records: ('42000', "[42000] [Microsoft][ODBC Driver 18 for SQL Server][SQL Server]Cannot open server 'cp-drawing-hub-dev' requested by the login. Client with IP address '27.59.41.243' is not allowed to access the server.  To enable access, use the Azure Management Portal or run sp_set_firewall_rule on the master database to create a firewall rule for this IP address or address range.  It may take up to five minutes for this change to take effect. (40615) (SQLDriverConnect); [42000] [Microsoft][ODBC Driver 18 for SQL Server][SQL Server]Cannot open server 'cp-drawing-hub-dev' requested by the login. Client with IP address '27.59.41.243' is not allowed to access the server.  To enable access, use the Azure Management Portal or run sp_set_firewall_rule on the master database to create a firewall rule for this IP address or address range.  It may take up to five minutes for this change to take effect. (40615)")
2026-03-09T10:46:06  INFO      app.poller                                Polling tick — active_jobs=0
2026-03-09T10:46:07  ERROR     app.db_client                             Error fetching queued records: ('42000', "[42000] [Microsoft][ODBC Driver 18 for SQL Server][SQL Server]Cannot open server 'cp-drawing-hub-dev' requested by the login. Client with IP address '27.59.41.243' is not allowed to access the server.  To enable access, use the Azure Management Portal or run sp_set_firewall_rule on the master database to create a firewall rule for this IP address or address range.  It may take up to five minutes for this change to take effect. (40615) (SQLDriverConnect); [42000] [Microsoft][ODBC Driver 18 for SQL Server][SQL Server]Cannot open server 'cp-drawing-hub-dev' requested by the login. Client with IP address '27.59.41.243' is not allowed to access the server.  To enable access, use the Azure Management Portal or run sp_set_firewall_rule on the master database to create a firewall rule for this IP address or address range.  It may take up to five minutes for this change to take effect. (40615)")
2026-03-09T10:46:12  INFO      app.poller                                Polling tick — active_jobs=0
2026-03-09T10:46:14  ERROR     app.db_client                             Error fetching queued records: ('42000', "[42000] [Microsoft][ODBC Driver 18 for SQL Server][SQL Server]Cannot open server 'cp-drawing-hub-dev' requested by the login. Client with IP address '27.59.41.243' is not allowed to access the server.  To enable access, use the Azure Management Portal or run sp_set_firewall_rule on the master database to create a firewall rule for this IP address or address range.  It may take up to five minutes for this change to take effect. (40615) (SQLDriverConnect); [42000] [Microsoft][ODBC Driver 18 for SQL Server][SQL Server]Cannot open server 'cp-drawing-hub-dev' requested by the login. Client with IP address '27.59.41.243' is not allowed to access the server.  To enable access, use the Azure Management Portal or run sp_set_firewall_rule on the master database to create a firewall rule for this IP address or address range.  It may take up to five minutes for this change to take effect. (40615)")
2026-03-09T10:46:19  INFO      app.poller                                Polling tick — active_jobs=0
2026-03-09T10:46:20  ERROR     app.db_client                             Error fetching queued records: ('42000', "[42000] [Microsoft][ODBC Driver 18 for SQL Server][SQL Server]Cannot open server 'cp-drawing-hub-dev' requested by the login. Client with IP address '27.59.41.243' is not allowed to access the server.  To enable access, use the Azure Management Portal or run sp_set_firewall_rule on the master database to create a firewall rule for this IP address or address range.  It may take up to five minutes for this change to take effect. (40615) (SQLDriverConnect); [42000] [Microsoft][ODBC Driver 18 for SQL Server][SQL Server]Cannot open server 'cp-drawing-hub-dev' requested by the login. Client with IP address '27.59.41.243' is not allowed to access the server.  To enable access, use the Azure Management Portal or run sp_set_firewall_rule on the master database to create a firewall rule for this IP address or address range.  It may take up to five minutes for this change to take effect. (40615)")
2026-03-09T10:46:25  INFO      app.poller                                Polling tick — active_jobs=0
2026-03-09T10:46:26  ERROR     app.db_client                             Error fetching queued records: ('42000', "[42000] [Microsoft][ODBC Driver 18 for SQL Server][SQL Server]Cannot open server 'cp-drawing-hub-dev' requested by the login. Client with IP address '27.59.41.243' is not allowed to access the server.  To enable access, use the Azure Management Portal or run sp_set_firewall_rule on the master database to create a firewall rule for this IP address or address range.  It may take up to five minutes for this change to take effect. (40615) (SQLDriverConnect); [42000] [Microsoft][ODBC Driver 18 for SQL Server][SQL Server]Cannot open server 'cp-drawing-hub-dev' requested by the login. Client with IP address '27.59.41.243' is not allowed to access the server.  To enable access, use the Azure Management Portal or run sp_set_firewall_rule on the master database to create a firewall rule for this IP address or address range.  It may take up to five minutes for this change to take effect. (40615)")
2026-03-09T10:46:31  INFO      app.poller                                Polling tick — active_jobs=0
2026-03-09T10:46:33  ERROR     app.db_client                             Error fetching queued records: ('42000', "[42000] [Microsoft][ODBC Driver 18 for SQL Server][SQL Server]Cannot open server 'cp-drawing-hub-dev' requested by the login. Client with IP address '27.59.41.243' is not allowed to access the server.  To enable access, use the Azure Management Portal or run sp_set_firewall_rule on the master database to create a firewall rule for this IP address or address range.  It may take up to five minutes for this change to take effect. (40615) (SQLDriverConnect); [42000] [Microsoft][ODBC Driver 18 for SQL Server][SQL Server]Cannot open server 'cp-drawing-hub-dev' requested by the login. Client with IP address '27.59.41.243' is not allowed to access the server.  To enable access, use the Azure Management Portal or run sp_set_firewall_rule on the master database to create a firewall rule for this IP address or address range.  It may take up to five minutes for this change to take effect. (40615)")
2026-03-09T10:46:38  INFO      app.poller                                Polling tick — active_jobs=0
2026-03-09T10:46:39  ERROR     app.db_client                             Error fetching queued records: ('42000', "[42000] [Microsoft][ODBC Driver 18 for SQL Server][SQL Server]Cannot open server 'cp-drawing-hub-dev' requested by the login. Client with IP address '27.59.41.243' is not allowed to access the server.  To enable access, use the Azure Management Portal or run sp_set_firewall_rule on the master database to create a firewall rule for this IP address or address range.  It may take up to five minutes for this change to take effect. (40615) (SQLDriverConnect); [42000] [Microsoft][ODBC Driver 18 for SQL Server][SQL Server]Cannot open server 'cp-drawing-hub-dev' requested by the login. Client with IP address '27.59.41.243' is not allowed to access the server.  To enable access, use the Azure Management Portal or run sp_set_firewall_rule on the master database to create a firewall rule for this IP address or address range.  It may take up to five minutes for this change to take effect. (40615)")
2026-03-09T10:46:44  INFO      app.poller                                Polling tick — active_jobs=0
2026-03-09T10:46:45  ERROR     app.db_client                             Error fetching queued records: ('42000', "[42000] [Microsoft][ODBC Driver 18 for SQL Server][SQL Server]Cannot open server 'cp-drawing-hub-dev' requested by the login. Client with IP address '27.59.41.243' is not allowed to access the server.  To enable access, use the Azure Management Portal or run sp_set_firewall_rule on the master database to create a firewall rule for this IP address or address range.  It may take up to five minutes for this change to take effect. (40615) (SQLDriverConnect); [42000] [Microsoft][ODBC Driver 18 for SQL Server][SQL Server]Cannot open server 'cp-drawing-hub-dev' requested by the login. Client with IP address '27.59.41.243' is not allowed to access the server.  To enable access, use the Azure Management Portal or run sp_set_firewall_rule on the master database to create a firewall rule for this IP address or address range.  It may take up to five minutes for this change to take effect. (40615)")
2026-03-09T10:46:50  INFO      app.poller                                Polling tick — active_jobs=0
2026-03-09T10:46:53  ERROR     app.db_client                             Error fetching queued records: ('42000', "[42000] [Microsoft][ODBC Driver 18 for SQL Server][SQL Server]Cannot open server 'cp-drawing-hub-dev' requested by the login. Client with IP address '27.59.41.243' is not allowed to access the server.  To enable access, use the Azure Management Portal or run sp_set_firewall_rule on the master database to create a firewall rule for this IP address or address range.  It may take up to five minutes for this change to take effect. (40615) (SQLDriverConnect); [42000] [Microsoft][ODBC Driver 18 for SQL Server][SQL Server]Cannot open server 'cp-drawing-hub-dev' requested by the login. Client with IP address '27.59.41.243' is not allowed to access the server.  To enable access, use the Azure Management Portal or run sp_set_firewall_rule on the master database to create a firewall rule for this IP address or address range.  It may take up to five minutes for this change to take effect. (40615)")
2026-03-09T10:46:58  INFO      app.poller                                Polling tick — active_jobs=0
2026-03-09T10:47:00  ERROR     app.db_client                             Error fetching queued records: ('42000', "[42000] [Microsoft][ODBC Driver 18 for SQL Server][SQL Server]Cannot open server 'cp-drawing-hub-dev' requested by the login. Client with IP address '27.59.41.243' is not allowed to access the server.  To enable access, use the Azure Management Portal or run sp_set_firewall_rule on the master database to create a firewall rule for this IP address or address range.  It may take up to five minutes for this change to take effect. (40615) (SQLDriverConnect); [42000] [Microsoft][ODBC Driver 18 for SQL Server][SQL Server]Cannot open server 'cp-drawing-hub-dev' requested by the login. Client with IP address '27.59.41.243' is not allowed to access the server.  To enable access, use the Azure Management Portal or run sp_set_firewall_rule on the master database to create a firewall rule for this IP address or address range.  It may take up to five minutes for this change to take effect. (40615)")
2026-03-09T10:47:05  INFO      app.poller                                Polling tick — active_jobs=0
2026-03-09T10:47:06  ERROR     app.db_client                             Error fetching queued records: ('42000', "[42000] [Microsoft][ODBC Driver 18 for SQL Server][SQL Server]Cannot open server 'cp-drawing-hub-dev' requested by the login. Client with IP address '27.59.41.243' is not allowed to access the server.  To enable access, use the Azure Management Portal or run sp_set_firewall_rule on the master database to create a firewall rule for this IP address or address range.  It may take up to five minutes for this change to take effect. (40615) (SQLDriverConnect); [42000] [Microsoft][ODBC Driver 18 for SQL Server][SQL Server]Cannot open server 'cp-drawing-hub-dev' requested by the login. Client with IP address '27.59.41.243' is not allowed to access the server.  To enable access, use the Azure Management Portal or run sp_set_firewall_rule on the master database to create a firewall rule for this IP address or address range.  It may take up to five minutes for this change to take effect. (40615)")
2026-03-09T10:47:11  INFO      app.poller                                Polling tick — active_jobs=0
2026-03-09T10:47:13  ERROR     app.db_client                             Error fetching queued records: ('42000', "[42000] [Microsoft][ODBC Driver 18 for SQL Server][SQL Server]Cannot open server 'cp-drawing-hub-dev' requested by the login. Client with IP address '27.59.41.243' is not allowed to access the server.  To enable access, use the Azure Management Portal or run sp_set_firewall_rule on the master database to create a firewall rule for this IP address or address range.  It may take up to five minutes for this change to take effect. (40615) (SQLDriverConnect); [42000] [Microsoft][ODBC Driver 18 for SQL Server][SQL Server]Cannot open server 'cp-drawing-hub-dev' requested by the login. Client with IP address '27.59.41.243' is not allowed to access the server.  To enable access, use the Azure Management Portal or run sp_set_firewall_rule on the master database to create a firewall rule for this IP address or address range.  It may take up to five minutes for this change to take effect. (40615)")
2026-03-09T10:47:18  INFO      app.poller                                Polling tick — active_jobs=0
2026-03-09T10:47:20  ERROR     app.db_client                             Error fetching queued records: ('42000', "[42000] [Microsoft][ODBC Driver 18 for SQL Server][SQL Server]Cannot open server 'cp-drawing-hub-dev' requested by the login. Client with IP address '27.59.41.243' is not allowed to access the server.  To enable access, use the Azure Management Portal or run sp_set_firewall_rule on the master database to create a firewall rule for this IP address or address range.  It may take up to five minutes for this change to take effect. (40615) (SQLDriverConnect); [42000] [Microsoft][ODBC Driver 18 for SQL Server][SQL Server]Cannot open server 'cp-drawing-hub-dev' requested by the login. Client with IP address '27.59.41.243' is not allowed to access the server.  To enable access, use the Azure Management Portal or run sp_set_firewall_rule on the master database to create a firewall rule for this IP address or address range.  It may take up to five minutes for this change to take effect. (40615)")
2026-03-09T10:47:25  INFO      app.poller                                Polling tick — active_jobs=0
2026-03-09T10:47:26  ERROR     app.db_client                             Error fetching queued records: ('42000', "[42000] [Microsoft][ODBC Driver 18 for SQL Server][SQL Server]Cannot open server 'cp-drawing-hub-dev' requested by the login. Client with IP address '27.59.41.243' is not allowed to access the server.  To enable access, use the Azure Management Portal or run sp_set_firewall_rule on the master database to create a firewall rule for this IP address or address range.  It may take up to five minutes for this change to take effect. (40615) (SQLDriverConnect); [42000] [Microsoft][ODBC Driver 18 for SQL Server][SQL Server]Cannot open server 'cp-drawing-hub-dev' requested by the login. Client with IP address '27.59.41.243' is not allowed to access the server.  To enable access, use the Azure Management Portal or run sp_set_firewall_rule on the master database to create a firewall rule for this IP address or address range.  It may take up to five minutes for this change to take effect. (40615)")
2026-03-09T10:47:31  INFO      app.poller                                Polling tick — active_jobs=0
2026-03-09T10:47:33  ERROR     app.db_client                             Error fetching queued records: ('42000', "[42000] [Microsoft][ODBC Driver 18 for SQL Server][SQL Server]Cannot open server 'cp-drawing-hub-dev' requested by the login. Client with IP address '27.59.41.243' is not allowed to access the server.  To enable access, use the Azure Management Portal or run sp_set_firewall_rule on the master database to create a firewall rule for this IP address or address range.  It may take up to five minutes for this change to take effect. (40615) (SQLDriverConnect); [42000] [Microsoft][ODBC Driver 18 for SQL Server][SQL Server]Cannot open server 'cp-drawing-hub-dev' requested by the login. Client with IP address '27.59.41.243' is not allowed to access the server.  To enable access, use the Azure Management Portal or run sp_set_firewall_rule on the master database to create a firewall rule for this IP address or address range.  It may take up to five minutes for this change to take effect. (40615)")
2026-03-09T10:47:38  INFO      app.poller                                Polling tick — active_jobs=0
2026-03-09T10:47:40  ERROR     app.db_client                             Error fetching queued records: ('42000', "[42000] [Microsoft][ODBC Driver 18 for SQL Server][SQL Server]Cannot open server 'cp-drawing-hub-dev' requested by the login. Client with IP address '27.59.41.243' is not allowed to access the server.  To enable access, use the Azure Management Portal or run sp_set_firewall_rule on the master database to create a firewall rule for this IP address or address range.  It may take up to five minutes for this change to take effect. (40615) (SQLDriverConnect); [42000] [Microsoft][ODBC Driver 18 for SQL Server][SQL Server]Cannot open server 'cp-drawing-hub-dev' requested by the login. Client with IP address '27.59.41.243' is not allowed to access the server.  To enable access, use the Azure Management Portal or run sp_set_firewall_rule on the master database to create a firewall rule for this IP address or address range.  It may take up to five minutes for this change to take effect. (40615)")
2026-03-09T10:47:45  INFO      app.poller                                Polling tick — active_jobs=0
2026-03-09T10:47:47  ERROR     app.db_client                             Error fetching queued records: ('42000', "[42000] [Microsoft][ODBC Driver 18 for SQL Server][SQL Server]Cannot open server 'cp-drawing-hub-dev' requested by the login. Client with IP address '27.59.41.243' is not allowed to access the server.  To enable access, use the Azure Management Portal or run sp_set_firewall_rule on the master database to create a firewall rule for this IP address or address range.  It may take up to five minutes for this change to take effect. (40615) (SQLDriverConnect); [42000] [Microsoft][ODBC Driver 18 for SQL Server][SQL Server]Cannot open server 'cp-drawing-hub-dev' requested by the login. Client with IP address '27.59.41.243' is not allowed to access the server.  To enable access, use the Azure Management Portal or run sp_set_firewall_rule on the master database to create a firewall rule for this IP address or address range.  It may take up to five minutes for this change to take effect. (40615)")
2026-03-09T10:47:52  INFO      app.poller                                Polling tick — active_jobs=0
2026-03-09T10:47:54  ERROR     app.db_client                             Error fetching queued records: ('42000', "[42000] [Microsoft][ODBC Driver 18 for SQL Server][SQL Server]Cannot open server 'cp-drawing-hub-dev' requested by the login. Client with IP address '27.59.41.243' is not allowed to access the server.  To enable access, use the Azure Management Portal or run sp_set_firewall_rule on the master database to create a firewall rule for this IP address or address range.  It may take up to five minutes for this change to take effect. (40615) (SQLDriverConnect); [42000] [Microsoft][ODBC Driver 18 for SQL Server][SQL Server]Cannot open server 'cp-drawing-hub-dev' requested by the login. Client with IP address '27.59.41.243' is not allowed to access the server.  To enable access, use the Azure Management Portal or run sp_set_firewall_rule on the master database to create a firewall rule for this IP address or address range.  It may take up to five minutes for this change to take effect. (40615)")
2026-03-09T10:47:59  INFO      app.poller                                Polling tick — active_jobs=0
2026-03-09T10:48:00  ERROR     app.db_client                             Error fetching queued records: ('42000', "[42000] [Microsoft][ODBC Driver 18 for SQL Server][SQL Server]Cannot open server 'cp-drawing-hub-dev' requested by the login. Client with IP address '27.59.41.243' is not allowed to access the server.  To enable access, use the Azure Management Portal or run sp_set_firewall_rule on the master database to create a firewall rule for this IP address or address range.  It may take up to five minutes for this change to take effect. (40615) (SQLDriverConnect); [42000] [Microsoft][ODBC Driver 18 for SQL Server][SQL Server]Cannot open server 'cp-drawing-hub-dev' requested by the login. Client with IP address '27.59.41.243' is not allowed to access the server.  To enable access, use the Azure Management Portal or run sp_set_firewall_rule on the master database to create a firewall rule for this IP address or address range.  It may take up to five minutes for this change to take effect. (40615)")
2026-03-09T10:48:05  INFO      app.poller                                Polling tick — active_jobs=0
2026-03-09T10:48:07  ERROR     app.db_client                             Error fetching queued records: ('42000', "[42000] [Microsoft][ODBC Driver 18 for SQL Server][SQL Server]Cannot open server 'cp-drawing-hub-dev' requested by the login. Client with IP address '27.59.41.243' is not allowed to access the server.  To enable access, use the Azure Management Portal or run sp_set_firewall_rule on the master database to create a firewall rule for this IP address or address range.  It may take up to five minutes for this change to take effect. (40615) (SQLDriverConnect); [42000] [Microsoft][ODBC Driver 18 for SQL Server][SQL Server]Cannot open server 'cp-drawing-hub-dev' requested by the login. Client with IP address '27.59.41.243' is not allowed to access the server.  To enable access, use the Azure Management Portal or run sp_set_firewall_rule on the master database to create a firewall rule for this IP address or address range.  It may take up to five minutes for this change to take effect. (40615)")
2026-03-09T10:48:12  INFO      app.poller                                Polling tick — active_jobs=0
2026-03-09T10:48:13  ERROR     app.db_client                             Error fetching queued records: ('42000', "[42000] [Microsoft][ODBC Driver 18 for SQL Server][SQL Server]Cannot open server 'cp-drawing-hub-dev' requested by the login. Client with IP address '27.59.41.243' is not allowed to access the server.  To enable access, use the Azure Management Portal or run sp_set_firewall_rule on the master database to create a firewall rule for this IP address or address range.  It may take up to five minutes for this change to take effect. (40615) (SQLDriverConnect); [42000] [Microsoft][ODBC Driver 18 for SQL Server][SQL Server]Cannot open server 'cp-drawing-hub-dev' requested by the login. Client with IP address '27.59.41.243' is not allowed to access the server.  To enable access, use the Azure Management Portal or run sp_set_firewall_rule on the master database to create a firewall rule for this IP address or address range.  It may take up to five minutes for this change to take effect. (40615)")
2026-03-09T10:48:18  INFO      app.poller                                Polling tick — active_jobs=0
2026-03-09T10:48:20  ERROR     app.db_client                             Error fetching queued records: ('42000', "[42000] [Microsoft][ODBC Driver 18 for SQL Server][SQL Server]Cannot open server 'cp-drawing-hub-dev' requested by the login. Client with IP address '27.59.41.243' is not allowed to access the server.  To enable access, use the Azure Management Portal or run sp_set_firewall_rule on the master database to create a firewall rule for this IP address or address range.  It may take up to five minutes for this change to take effect. (40615) (SQLDriverConnect); [42000] [Microsoft][ODBC Driver 18 for SQL Server][SQL Server]Cannot open server 'cp-drawing-hub-dev' requested by the login. Client with IP address '27.59.41.243' is not allowed to access the server.  To enable access, use the Azure Management Portal or run sp_set_firewall_rule on the master database to create a firewall rule for this IP address or address range.  It may take up to five minutes for this change to take effect. (40615)")
2026-03-09T10:48:25  INFO      app.poller                                Polling tick — active_jobs=0
2026-03-09T10:48:27  ERROR     app.db_client                             Error fetching queued records: ('42000', "[42000] [Microsoft][ODBC Driver 18 for SQL Server][SQL Server]Cannot open server 'cp-drawing-hub-dev' requested by the login. Client with IP address '27.59.41.243' is not allowed to access the server.  To enable access, use the Azure Management Portal or run sp_set_firewall_rule on the master database to create a firewall rule for this IP address or address range.  It may take up to five minutes for this change to take effect. (40615) (SQLDriverConnect); [42000] [Microsoft][ODBC Driver 18 for SQL Server][SQL Server]Cannot open server 'cp-drawing-hub-dev' requested by the login. Client with IP address '27.59.41.243' is not allowed to access the server.  To enable access, use the Azure Management Portal or run sp_set_firewall_rule on the master database to create a firewall rule for this IP address or address range.  It may take up to five minutes for this change to take effect. (40615)")
2026-03-09T10:48:32  INFO      app.poller                                Polling tick — active_jobs=0
2026-03-09T10:48:34  ERROR     app.db_client                             Error fetching queued records: ('42000', "[42000] [Microsoft][ODBC Driver 18 for SQL Server][SQL Server]Cannot open server 'cp-drawing-hub-dev' requested by the login. Client with IP address '27.59.41.243' is not allowed to access the server.  To enable access, use the Azure Management Portal or run sp_set_firewall_rule on the master database to create a firewall rule for this IP address or address range.  It may take up to five minutes for this change to take effect. (40615) (SQLDriverConnect); [42000] [Microsoft][ODBC Driver 18 for SQL Server][SQL Server]Cannot open server 'cp-drawing-hub-dev' requested by the login. Client with IP address '27.59.41.243' is not allowed to access the server.  To enable access, use the Azure Management Portal or run sp_set_firewall_rule on the master database to create a firewall rule for this IP address or address range.  It may take up to five minutes for this change to take effect. (40615)")
2026-03-09T10:48:39  INFO      app.poller                                Polling tick — active_jobs=0
2026-03-09T10:48:41  ERROR     app.db_client                             Error fetching queued records: ('42000', "[42000] [Microsoft][ODBC Driver 18 for SQL Server][SQL Server]Cannot open server 'cp-drawing-hub-dev' requested by the login. Client with IP address '27.59.41.243' is not allowed to access the server.  To enable access, use the Azure Management Portal or run sp_set_firewall_rule on the master database to create a firewall rule for this IP address or address range.  It may take up to five minutes for this change to take effect. (40615) (SQLDriverConnect); [42000] [Microsoft][ODBC Driver 18 for SQL Server][SQL Server]Cannot open server 'cp-drawing-hub-dev' requested by the login. Client with IP address '27.59.41.243' is not allowed to access the server.  To enable access, use the Azure Management Portal or run sp_set_firewall_rule on the master database to create a firewall rule for this IP address or address range.  It may take up to five minutes for this change to take effect. (40615)")
2026-03-09T10:48:46  INFO      app.poller                                Polling tick — active_jobs=0
2026-03-09T10:48:50  ERROR     app.db_client                             Error fetching queued records: ('42000', "[42000] [Microsoft][ODBC Driver 18 for SQL Server][SQL Server]Cannot open server 'cp-drawing-hub-dev' requested by the login. Client with IP address '27.59.41.243' is not allowed to access the server.  To enable access, use the Azure Management Portal or run sp_set_firewall_rule on the master database to create a firewall rule for this IP address or address range.  It may take up to five minutes for this change to take effect. (40615) (SQLDriverConnect); [42000] [Microsoft][ODBC Driver 18 for SQL Server][SQL Server]Cannot open server 'cp-drawing-hub-dev' requested by the login. Client with IP address '27.59.41.243' is not allowed to access the server.  To enable access, use the Azure Management Portal or run sp_set_firewall_rule on the master database to create a firewall rule for this IP address or address range.  It may take up to five minutes for this change to take effect. (40615)")
2026-03-09T10:48:55  INFO      app.poller                                Polling tick — active_jobs=0
2026-03-09T10:48:56  ERROR     app.db_client                             Error fetching queued records: ('42000', "[42000] [Microsoft][ODBC Driver 18 for SQL Server][SQL Server]Cannot open server 'cp-drawing-hub-dev' requested by the login. Client with IP address '27.59.41.243' is not allowed to access the server.  To enable access, use the Azure Management Portal or run sp_set_firewall_rule on the master database to create a firewall rule for this IP address or address range.  It may take up to five minutes for this change to take effect. (40615) (SQLDriverConnect); [42000] [Microsoft][ODBC Driver 18 for SQL Server][SQL Server]Cannot open server 'cp-drawing-hub-dev' requested by the login. Client with IP address '27.59.41.243' is not allowed to access the server.  To enable access, use the Azure Management Portal or run sp_set_firewall_rule on the master database to create a firewall rule for this IP address or address range.  It may take up to five minutes for this change to take effect. (40615)")
2026-03-09T10:49:01  INFO      app.poller                                Polling tick — active_jobs=0
2026-03-09T10:49:04  ERROR     app.db_client                             Error fetching queued records: ('42000', "[42000] [Microsoft][ODBC Driver 18 for SQL Server][SQL Server]Cannot open server 'cp-drawing-hub-dev' requested by the login. Client with IP address '27.59.41.243' is not allowed to access the server.  To enable access, use the Azure Management Portal or run sp_set_firewall_rule on the master database to create a firewall rule for this IP address or address range.  It may take up to five minutes for this change to take effect. (40615) (SQLDriverConnect); [42000] [Microsoft][ODBC Driver 18 for SQL Server][SQL Server]Cannot open server 'cp-drawing-hub-dev' requested by the login. Client with IP address '27.59.41.243' is not allowed to access the server.  To enable access, use the Azure Management Portal or run sp_set_firewall_rule on the master database to create a firewall rule for this IP address or address range.  It may take up to five minutes for this change to take effect. (40615)")
2026-03-09T10:49:09  INFO      app.poller                                Polling tick — active_jobs=0
2026-03-09T10:49:10  ERROR     app.db_client                             Error fetching queued records: ('42000', "[42000] [Microsoft][ODBC Driver 18 for SQL Server][SQL Server]Cannot open server 'cp-drawing-hub-dev' requested by the login. Client with IP address '27.59.41.243' is not allowed to access the server.  To enable access, use the Azure Management Portal or run sp_set_firewall_rule on the master database to create a firewall rule for this IP address or address range.  It may take up to five minutes for this change to take effect. (40615) (SQLDriverConnect); [42000] [Microsoft][ODBC Driver 18 for SQL Server][SQL Server]Cannot open server 'cp-drawing-hub-dev' requested by the login. Client with IP address '27.59.41.243' is not allowed to access the server.  To enable access, use the Azure Management Portal or run sp_set_firewall_rule on the master database to create a firewall rule for this IP address or address range.  It may take up to five minutes for this change to take effect. (40615)")
2026-03-09T10:49:15  INFO      app.poller                                Polling tick — active_jobs=0
2026-03-09T10:49:18  ERROR     app.db_client                             Error fetching queued records: ('42000', "[42000] [Microsoft][ODBC Driver 18 for SQL Server][SQL Server]Cannot open server 'cp-drawing-hub-dev' requested by the login. Client with IP address '27.59.41.243' is not allowed to access the server.  To enable access, use the Azure Management Portal or run sp_set_firewall_rule on the master database to create a firewall rule for this IP address or address range.  It may take up to five minutes for this change to take effect. (40615) (SQLDriverConnect); [42000] [Microsoft][ODBC Driver 18 for SQL Server][SQL Server]Cannot open server 'cp-drawing-hub-dev' requested by the login. Client with IP address '27.59.41.243' is not allowed to access the server.  To enable access, use the Azure Management Portal or run sp_set_firewall_rule on the master database to create a firewall rule for this IP address or address range.  It may take up to five minutes for this change to take effect. (40615)")
2026-03-09T10:49:23  INFO      app.poller                                Polling tick — active_jobs=0
2026-03-09T10:49:24  ERROR     app.db_client                             Error fetching queued records: ('42000', "[42000] [Microsoft][ODBC Driver 18 for SQL Server][SQL Server]Cannot open server 'cp-drawing-hub-dev' requested by the login. Client with IP address '27.59.41.243' is not allowed to access the server.  To enable access, use the Azure Management Portal or run sp_set_firewall_rule on the master database to create a firewall rule for this IP address or address range.  It may take up to five minutes for this change to take effect. (40615) (SQLDriverConnect); [42000] [Microsoft][ODBC Driver 18 for SQL Server][SQL Server]Cannot open server 'cp-drawing-hub-dev' requested by the login. Client with IP address '27.59.41.243' is not allowed to access the server.  To enable access, use the Azure Management Portal or run sp_set_firewall_rule on the master database to create a firewall rule for this IP address or address range.  It may take up to five minutes for this change to take effect. (40615)")
2026-03-09T10:49:29  INFO      app.poller                                Polling tick — active_jobs=0
2026-03-09T10:49:32  ERROR     app.db_client                             Error fetching queued records: ('42000', "[42000] [Microsoft][ODBC Driver 18 for SQL Server][SQL Server]Cannot open server 'cp-drawing-hub-dev' requested by the login. Client with IP address '27.59.41.243' is not allowed to access the server.  To enable access, use the Azure Management Portal or run sp_set_firewall_rule on the master database to create a firewall rule for this IP address or address range.  It may take up to five minutes for this change to take effect. (40615) (SQLDriverConnect); [42000] [Microsoft][ODBC Driver 18 for SQL Server][SQL Server]Cannot open server 'cp-drawing-hub-dev' requested by the login. Client with IP address '27.59.41.243' is not allowed to access the server.  To enable access, use the Azure Management Portal or run sp_set_firewall_rule on the master database to create a firewall rule for this IP address or address range.  It may take up to five minutes for this change to take effect. (40615)")
2026-03-09T10:49:37  INFO      app.poller                                Polling tick — active_jobs=0
2026-03-09T10:49:38  ERROR     app.db_client                             Error fetching queued records: ('42000', "[42000] [Microsoft][ODBC Driver 18 for SQL Server][SQL Server]Cannot open server 'cp-drawing-hub-dev' requested by the login. Client with IP address '27.59.41.243' is not allowed to access the server.  To enable access, use the Azure Management Portal or run sp_set_firewall_rule on the master database to create a firewall rule for this IP address or address range.  It may take up to five minutes for this change to take effect. (40615) (SQLDriverConnect); [42000] [Microsoft][ODBC Driver 18 for SQL Server][SQL Server]Cannot open server 'cp-drawing-hub-dev' requested by the login. Client with IP address '27.59.41.243' is not allowed to access the server.  To enable access, use the Azure Management Portal or run sp_set_firewall_rule on the master database to create a firewall rule for this IP address or address range.  It may take up to five minutes for this change to take effect. (40615)")
2026-03-09T10:49:43  INFO      app.poller                                Polling tick — active_jobs=0
2026-03-09T10:49:44  ERROR     app.db_client                             Error fetching queued records: ('42000', "[42000] [Microsoft][ODBC Driver 18 for SQL Server][SQL Server]Cannot open server 'cp-drawing-hub-dev' requested by the login. Client with IP address '27.59.41.243' is not allowed to access the server.  To enable access, use the Azure Management Portal or run sp_set_firewall_rule on the master database to create a firewall rule for this IP address or address range.  It may take up to five minutes for this change to take effect. (40615) (SQLDriverConnect); [42000] [Microsoft][ODBC Driver 18 for SQL Server][SQL Server]Cannot open server 'cp-drawing-hub-dev' requested by the login. Client with IP address '27.59.41.243' is not allowed to access the server.  To enable access, use the Azure Management Portal or run sp_set_firewall_rule on the master database to create a firewall rule for this IP address or address range.  It may take up to five minutes for this change to take effect. (40615)")
2026-03-09T10:49:49  INFO      app.poller                                Polling tick — active_jobs=0
2026-03-09T10:49:51  ERROR     app.db_client                             Error fetching queued records: ('42000', "[42000] [Microsoft][ODBC Driver 18 for SQL Server][SQL Server]Cannot open server 'cp-drawing-hub-dev' requested by the login. Client with IP address '27.59.41.243' is not allowed to access the server.  To enable access, use the Azure Management Portal or run sp_set_firewall_rule on the master database to create a firewall rule for this IP address or address range.  It may take up to five minutes for this change to take effect. (40615) (SQLDriverConnect); [42000] [Microsoft][ODBC Driver 18 for SQL Server][SQL Server]Cannot open server 'cp-drawing-hub-dev' requested by the login. Client with IP address '27.59.41.243' is not allowed to access the server.  To enable access, use the Azure Management Portal or run sp_set_firewall_rule on the master database to create a firewall rule for this IP address or address range.  It may take up to five minutes for this change to take effect. (40615)")
2026-03-09T10:49:56  INFO      app.poller                                Polling tick — active_jobs=0
2026-03-09T10:49:57  ERROR     app.db_client                             Error fetching queued records: ('42000', "[42000] [Microsoft][ODBC Driver 18 for SQL Server][SQL Server]Cannot open server 'cp-drawing-hub-dev' requested by the login. Client with IP address '27.59.41.243' is not allowed to access the server.  To enable access, use the Azure Management Portal or run sp_set_firewall_rule on the master database to create a firewall rule for this IP address or address range.  It may take up to five minutes for this change to take effect. (40615) (SQLDriverConnect); [42000] [Microsoft][ODBC Driver 18 for SQL Server][SQL Server]Cannot open server 'cp-drawing-hub-dev' requested by the login. Client with IP address '27.59.41.243' is not allowed to access the server.  To enable access, use the Azure Management Portal or run sp_set_firewall_rule on the master database to create a firewall rule for this IP address or address range.  It may take up to five minutes for this change to take effect. (40615)")
2026-03-09T10:50:02  INFO      app.poller                                Polling tick — active_jobs=0
2026-03-09T10:50:07  ERROR     app.db_client                             Error fetching queued records: ('42000', "[42000] [Microsoft][ODBC Driver 18 for SQL Server][SQL Server]Cannot open server 'cp-drawing-hub-dev' requested by the login. Client with IP address '27.59.41.243' is not allowed to access the server.  To enable access, use the Azure Management Portal or run sp_set_firewall_rule on the master database to create a firewall rule for this IP address or address range.  It may take up to five minutes for this change to take effect. (40615) (SQLDriverConnect); [42000] [Microsoft][ODBC Driver 18 for SQL Server][SQL Server]Cannot open server 'cp-drawing-hub-dev' requested by the login. Client with IP address '27.59.41.243' is not allowed to access the server.  To enable access, use the Azure Management Portal or run sp_set_firewall_rule on the master database to create a firewall rule for this IP address or address range.  It may take up to five minutes for this change to take effect. (40615)")
2026-03-09T10:50:12  INFO      app.poller                                Polling tick — active_jobs=0
2026-03-09T10:50:43  ERROR     app.db_client                             Error fetching queued records: ('08001', "[08001] [Microsoft][ODBC Driver 18 for SQL Server]TCP Provider: A socket operation was attempted to an unreachable network.\r\n (10051) (SQLDriverConnect); [08001] [Microsoft][ODBC Driver 18 for SQL Server][SQL Server]Cannot open server 'cp-drawing-hub-dev' requested by the login. Client with IP address '122.172.86.246' is not allowed to access the server.  To enable access, use the Azure Management Portal or run sp_set_firewall_rule on the master database to create a firewall rule for this IP address or address range.  It may take up to five minutes for this change to take effect. (40615); [08001] [Microsoft][ODBC Driver 18 for SQL Server]A network-related or instance-specific error has occurred while establishing a connection to cp-drawing-hub-dev.database.windows.net,1433. Server is not found or not accessible. Check if instance name is correct and if SQL Server is configured to allow remote connections. For more information see SQL Server Books Online. (10051)")
2026-03-09T10:50:48  INFO      app.poller                                Polling tick — active_jobs=0
2026-03-09T10:50:49  ERROR     app.db_client                             Error fetching queued records: ('42000', "[42000] [Microsoft][ODBC Driver 18 for SQL Server][SQL Server]Cannot open server 'cp-drawing-hub-dev' requested by the login. Client with IP address '122.172.86.246' is not allowed to access the server.  To enable access, use the Azure Management Portal or run sp_set_firewall_rule on the master database to create a firewall rule for this IP address or address range.  It may take up to five minutes for this change to take effect. (40615) (SQLDriverConnect); [42000] [Microsoft][ODBC Driver 18 for SQL Server][SQL Server]Cannot open server 'cp-drawing-hub-dev' requested by the login. Client with IP address '122.172.86.246' is not allowed to access the server.  To enable access, use the Azure Management Portal or run sp_set_firewall_rule on the master database to create a firewall rule for this IP address or address range.  It may take up to five minutes for this change to take effect. (40615)")
2026-03-09T10:50:54  INFO      app.poller                                Polling tick — active_jobs=0
2026-03-09T10:50:56  ERROR     app.db_client                             Error fetching queued records: ('42000', "[42000] [Microsoft][ODBC Driver 18 for SQL Server][SQL Server]Cannot open server 'cp-drawing-hub-dev' requested by the login. Client with IP address '122.172.86.246' is not allowed to access the server.  To enable access, use the Azure Management Portal or run sp_set_firewall_rule on the master database to create a firewall rule for this IP address or address range.  It may take up to five minutes for this change to take effect. (40615) (SQLDriverConnect); [42000] [Microsoft][ODBC Driver 18 for SQL Server][SQL Server]Cannot open server 'cp-drawing-hub-dev' requested by the login. Client with IP address '122.172.86.246' is not allowed to access the server.  To enable access, use the Azure Management Portal or run sp_set_firewall_rule on the master database to create a firewall rule for this IP address or address range.  It may take up to five minutes for this change to take effect. (40615)")
2026-03-09T10:51:01  INFO      app.poller                                Polling tick — active_jobs=0
2026-03-09T10:51:05  ERROR     app.db_client                             Error fetching queued records: ('42000', "[42000] [Microsoft][ODBC Driver 18 for SQL Server][SQL Server]Cannot open server 'cp-drawing-hub-dev' requested by the login. Client with IP address '122.172.86.246' is not allowed to access the server.  To enable access, use the Azure Management Portal or run sp_set_firewall_rule on the master database to create a firewall rule for this IP address or address range.  It may take up to five minutes for this change to take effect. (40615) (SQLDriverConnect); [42000] [Microsoft][ODBC Driver 18 for SQL Server][SQL Server]Cannot open server 'cp-drawing-hub-dev' requested by the login. Client with IP address '122.172.86.246' is not allowed to access the server.  To enable access, use the Azure Management Portal or run sp_set_firewall_rule on the master database to create a firewall rule for this IP address or address range.  It may take up to five minutes for this change to take effect. (40615)")
2026-03-09T10:51:10  INFO      app.poller                                Polling tick — active_jobs=0
2026-03-09T10:51:14  ERROR     app.db_client                             Error fetching queued records: ('42000', "[42000] [Microsoft][ODBC Driver 18 for SQL Server][SQL Server]Cannot open server 'cp-drawing-hub-dev' requested by the login. Client with IP address '122.172.86.246' is not allowed to access the server.  To enable access, use the Azure Management Portal or run sp_set_firewall_rule on the master database to create a firewall rule for this IP address or address range.  It may take up to five minutes for this change to take effect. (40615) (SQLDriverConnect); [42000] [Microsoft][ODBC Driver 18 for SQL Server][SQL Server]Cannot open server 'cp-drawing-hub-dev' requested by the login. Client with IP address '122.172.86.246' is not allowed to access the server.  To enable access, use the Azure Management Portal or run sp_set_firewall_rule on the master database to create a firewall rule for this IP address or address range.  It may take up to five minutes for this change to take effect. (40615)")
2026-03-09T10:51:19  INFO      app.poller                                Polling tick — active_jobs=0
2026-03-09T10:51:21  ERROR     app.db_client                             Error fetching queued records: ('42000', "[42000] [Microsoft][ODBC Driver 18 for SQL Server][SQL Server]Cannot open server 'cp-drawing-hub-dev' requested by the login. Client with IP address '122.172.86.246' is not allowed to access the server.  To enable access, use the Azure Management Portal or run sp_set_firewall_rule on the master database to create a firewall rule for this IP address or address range.  It may take up to five minutes for this change to take effect. (40615) (SQLDriverConnect); [42000] [Microsoft][ODBC Driver 18 for SQL Server][SQL Server]Cannot open server 'cp-drawing-hub-dev' requested by the login. Client with IP address '122.172.86.246' is not allowed to access the server.  To enable access, use the Azure Management Portal or run sp_set_firewall_rule on the master database to create a firewall rule for this IP address or address range.  It may take up to five minutes for this change to take effect. (40615)")
2026-03-09T10:51:26  INFO      app.poller                                Polling tick — active_jobs=0
2026-03-09T10:51:29  ERROR     app.db_client                             Error fetching queued records: ('42000', "[42000] [Microsoft][ODBC Driver 18 for SQL Server][SQL Server]Cannot open server 'cp-drawing-hub-dev' requested by the login. Client with IP address '122.172.86.246' is not allowed to access the server.  To enable access, use the Azure Management Portal or run sp_set_firewall_rule on the master database to create a firewall rule for this IP address or address range.  It may take up to five minutes for this change to take effect. (40615) (SQLDriverConnect); [42000] [Microsoft][ODBC Driver 18 for SQL Server][SQL Server]Cannot open server 'cp-drawing-hub-dev' requested by the login. Client with IP address '122.172.86.246' is not allowed to access the server.  To enable access, use the Azure Management Portal or run sp_set_firewall_rule on the master database to create a firewall rule for this IP address or address range.  It may take up to five minutes for this change to take effect. (40615)")
2026-03-09T10:51:34  INFO      app.poller                                Polling tick — active_jobs=0
2026-03-09T10:51:36  ERROR     app.db_client                             Error fetching queued records: ('42000', "[42000] [Microsoft][ODBC Driver 18 for SQL Server][SQL Server]Cannot open server 'cp-drawing-hub-dev' requested by the login. Client with IP address '122.172.86.246' is not allowed to access the server.  To enable access, use the Azure Management Portal or run sp_set_firewall_rule on the master database to create a firewall rule for this IP address or address range.  It may take up to five minutes for this change to take effect. (40615) (SQLDriverConnect); [42000] [Microsoft][ODBC Driver 18 for SQL Server][SQL Server]Cannot open server 'cp-drawing-hub-dev' requested by the login. Client with IP address '122.172.86.246' is not allowed to access the server.  To enable access, use the Azure Management Portal or run sp_set_firewall_rule on the master database to create a firewall rule for this IP address or address range.  It may take up to five minutes for this change to take effect. (40615)")
2026-03-09T10:51:41  INFO      app.poller                                Polling tick — active_jobs=0
2026-03-09T10:51:43  ERROR     app.db_client                             Error fetching queued records: ('42000', "[42000] [Microsoft][ODBC Driver 18 for SQL Server][SQL Server]Cannot open server 'cp-drawing-hub-dev' requested by the login. Client with IP address '122.172.86.246' is not allowed to access the server.  To enable access, use the Azure Management Portal or run sp_set_firewall_rule on the master database to create a firewall rule for this IP address or address range.  It may take up to five minutes for this change to take effect. (40615) (SQLDriverConnect); [42000] [Microsoft][ODBC Driver 18 for SQL Server][SQL Server]Cannot open server 'cp-drawing-hub-dev' requested by the login. Client with IP address '122.172.86.246' is not allowed to access the server.  To enable access, use the Azure Management Portal or run sp_set_firewall_rule on the master database to create a firewall rule for this IP address or address range.  It may take up to five minutes for this change to take effect. (40615)")
2026-03-09T10:51:48  INFO      app.poller                                Polling tick — active_jobs=0
2026-03-09T10:51:50  ERROR     app.db_client                             Error fetching queued records: ('42000', "[42000] [Microsoft][ODBC Driver 18 for SQL Server][SQL Server]Cannot open server 'cp-drawing-hub-dev' requested by the login. Client with IP address '122.172.86.246' is not allowed to access the server.  To enable access, use the Azure Management Portal or run sp_set_firewall_rule on the master database to create a firewall rule for this IP address or address range.  It may take up to five minutes for this change to take effect. (40615) (SQLDriverConnect); [42000] [Microsoft][ODBC Driver 18 for SQL Server][SQL Server]Cannot open server 'cp-drawing-hub-dev' requested by the login. Client with IP address '122.172.86.246' is not allowed to access the server.  To enable access, use the Azure Management Portal or run sp_set_firewall_rule on the master database to create a firewall rule for this IP address or address range.  It may take up to five minutes for this change to take effect. (40615)")
2026-03-09T10:51:55  INFO      app.poller                                Polling tick — active_jobs=0
2026-03-09T10:51:58  ERROR     app.db_client                             Error fetching queued records: ('42000', "[42000] [Microsoft][ODBC Driver 18 for SQL Server][SQL Server]Cannot open server 'cp-drawing-hub-dev' requested by the login. Client with IP address '122.172.86.246' is not allowed to access the server.  To enable access, use the Azure Management Portal or run sp_set_firewall_rule on the master database to create a firewall rule for this IP address or address range.  It may take up to five minutes for this change to take effect. (40615) (SQLDriverConnect); [42000] [Microsoft][ODBC Driver 18 for SQL Server][SQL Server]Cannot open server 'cp-drawing-hub-dev' requested by the login. Client with IP address '122.172.86.246' is not allowed to access the server.  To enable access, use the Azure Management Portal or run sp_set_firewall_rule on the master database to create a firewall rule for this IP address or address range.  It may take up to five minutes for this change to take effect. (40615)")
2026-03-09T10:52:03  INFO      app.poller                                Polling tick — active_jobs=0
2026-03-09T10:52:04  ERROR     app.db_client                             Error fetching queued records: ('42000', "[42000] [Microsoft][ODBC Driver 18 for SQL Server][SQL Server]Cannot open server 'cp-drawing-hub-dev' requested by the login. Client with IP address '122.172.86.246' is not allowed to access the server.  To enable access, use the Azure Management Portal or run sp_set_firewall_rule on the master database to create a firewall rule for this IP address or address range.  It may take up to five minutes for this change to take effect. (40615) (SQLDriverConnect); [42000] [Microsoft][ODBC Driver 18 for SQL Server][SQL Server]Cannot open server 'cp-drawing-hub-dev' requested by the login. Client with IP address '122.172.86.246' is not allowed to access the server.  To enable access, use the Azure Management Portal or run sp_set_firewall_rule on the master database to create a firewall rule for this IP address or address range.  It may take up to five minutes for this change to take effect. (40615)")
2026-03-09T10:52:09  INFO      app.poller                                Polling tick — active_jobs=0
2026-03-09T10:52:11  ERROR     app.db_client                             Error fetching queued records: ('42000', "[42000] [Microsoft][ODBC Driver 18 for SQL Server][SQL Server]Cannot open server 'cp-drawing-hub-dev' requested by the login. Client with IP address '122.172.86.246' is not allowed to access the server.  To enable access, use the Azure Management Portal or run sp_set_firewall_rule on the master database to create a firewall rule for this IP address or address range.  It may take up to five minutes for this change to take effect. (40615) (SQLDriverConnect); [42000] [Microsoft][ODBC Driver 18 for SQL Server][SQL Server]Cannot open server 'cp-drawing-hub-dev' requested by the login. Client with IP address '122.172.86.246' is not allowed to access the server.  To enable access, use the Azure Management Portal or run sp_set_firewall_rule on the master database to create a firewall rule for this IP address or address range.  It may take up to five minutes for this change to take effect. (40615)")
2026-03-09T10:52:16  INFO      app.poller                                Polling tick — active_jobs=0
2026-03-09T10:52:18  ERROR     app.db_client                             Error fetching queued records: ('42000', "[42000] [Microsoft][ODBC Driver 18 for SQL Server][SQL Server]Cannot open server 'cp-drawing-hub-dev' requested by the login. Client with IP address '122.172.86.246' is not allowed to access the server.  To enable access, use the Azure Management Portal or run sp_set_firewall_rule on the master database to create a firewall rule for this IP address or address range.  It may take up to five minutes for this change to take effect. (40615) (SQLDriverConnect); [42000] [Microsoft][ODBC Driver 18 for SQL Server][SQL Server]Cannot open server 'cp-drawing-hub-dev' requested by the login. Client with IP address '122.172.86.246' is not allowed to access the server.  To enable access, use the Azure Management Portal or run sp_set_firewall_rule on the master database to create a firewall rule for this IP address or address range.  It may take up to five minutes for this change to take effect. (40615)")
2026-03-09T10:52:23  INFO      app.poller                                Polling tick — active_jobs=0
2026-03-09T10:52:24  ERROR     app.db_client                             Error fetching queued records: ('42000', "[42000] [Microsoft][ODBC Driver 18 for SQL Server][SQL Server]Cannot open server 'cp-drawing-hub-dev' requested by the login. Client with IP address '122.172.86.246' is not allowed to access the server.  To enable access, use the Azure Management Portal or run sp_set_firewall_rule on the master database to create a firewall rule for this IP address or address range.  It may take up to five minutes for this change to take effect. (40615) (SQLDriverConnect); [42000] [Microsoft][ODBC Driver 18 for SQL Server][SQL Server]Cannot open server 'cp-drawing-hub-dev' requested by the login. Client with IP address '122.172.86.246' is not allowed to access the server.  To enable access, use the Azure Management Portal or run sp_set_firewall_rule on the master database to create a firewall rule for this IP address or address range.  It may take up to five minutes for this change to take effect. (40615)")
2026-03-09T10:52:29  INFO      app.poller                                Polling tick — active_jobs=0
2026-03-09T10:52:31  ERROR     app.db_client                             Error fetching queued records: ('42000', "[42000] [Microsoft][ODBC Driver 18 for SQL Server][SQL Server]Cannot open server 'cp-drawing-hub-dev' requested by the login. Client with IP address '122.172.86.246' is not allowed to access the server.  To enable access, use the Azure Management Portal or run sp_set_firewall_rule on the master database to create a firewall rule for this IP address or address range.  It may take up to five minutes for this change to take effect. (40615) (SQLDriverConnect); [42000] [Microsoft][ODBC Driver 18 for SQL Server][SQL Server]Cannot open server 'cp-drawing-hub-dev' requested by the login. Client with IP address '122.172.86.246' is not allowed to access the server.  To enable access, use the Azure Management Portal or run sp_set_firewall_rule on the master database to create a firewall rule for this IP address or address range.  It may take up to five minutes for this change to take effect. (40615)")
2026-03-09T10:52:36  INFO      app.poller                                Polling tick — active_jobs=0
2026-03-09T10:52:39  ERROR     app.db_client                             Error fetching queued records: ('42000', "[42000] [Microsoft][ODBC Driver 18 for SQL Server][SQL Server]Cannot open server 'cp-drawing-hub-dev' requested by the login. Client with IP address '122.172.86.246' is not allowed to access the server.  To enable access, use the Azure Management Portal or run sp_set_firewall_rule on the master database to create a firewall rule for this IP address or address range.  It may take up to five minutes for this change to take effect. (40615) (SQLDriverConnect); [42000] [Microsoft][ODBC Driver 18 for SQL Server][SQL Server]Cannot open server 'cp-drawing-hub-dev' requested by the login. Client with IP address '122.172.86.246' is not allowed to access the server.  To enable access, use the Azure Management Portal or run sp_set_firewall_rule on the master database to create a firewall rule for this IP address or address range.  It may take up to five minutes for this change to take effect. (40615)")
2026-03-09T10:52:44  INFO      app.poller                                Polling tick — active_jobs=0
2026-03-09T10:52:46  ERROR     app.db_client                             Error fetching queued records: ('42000', "[42000] [Microsoft][ODBC Driver 18 for SQL Server][SQL Server]Cannot open server 'cp-drawing-hub-dev' requested by the login. Client with IP address '122.172.86.246' is not allowed to access the server.  To enable access, use the Azure Management Portal or run sp_set_firewall_rule on the master database to create a firewall rule for this IP address or address range.  It may take up to five minutes for this change to take effect. (40615) (SQLDriverConnect); [42000] [Microsoft][ODBC Driver 18 for SQL Server][SQL Server]Cannot open server 'cp-drawing-hub-dev' requested by the login. Client with IP address '122.172.86.246' is not allowed to access the server.  To enable access, use the Azure Management Portal or run sp_set_firewall_rule on the master database to create a firewall rule for this IP address or address range.  It may take up to five minutes for this change to take effect. (40615)")
2026-03-09T10:52:51  INFO      app.poller                                Polling tick — active_jobs=0
2026-03-09T10:52:53  ERROR     app.db_client                             Error fetching queued records: ('42000', "[42000] [Microsoft][ODBC Driver 18 for SQL Server][SQL Server]Cannot open server 'cp-drawing-hub-dev' requested by the login. Client with IP address '122.172.86.246' is not allowed to access the server.  To enable access, use the Azure Management Portal or run sp_set_firewall_rule on the master database to create a firewall rule for this IP address or address range.  It may take up to five minutes for this change to take effect. (40615) (SQLDriverConnect); [42000] [Microsoft][ODBC Driver 18 for SQL Server][SQL Server]Cannot open server 'cp-drawing-hub-dev' requested by the login. Client with IP address '122.172.86.246' is not allowed to access the server.  To enable access, use the Azure Management Portal or run sp_set_firewall_rule on the master database to create a firewall rule for this IP address or address range.  It may take up to five minutes for this change to take effect. (40615)")
2026-03-09T10:52:58  INFO      app.poller                                Polling tick — active_jobs=0
2026-03-09T10:52:59  ERROR     app.db_client                             Error fetching queued records: ('42000', "[42000] [Microsoft][ODBC Driver 18 for SQL Server][SQL Server]Cannot open server 'cp-drawing-hub-dev' requested by the login. Client with IP address '122.172.86.246' is not allowed to access the server.  To enable access, use the Azure Management Portal or run sp_set_firewall_rule on the master database to create a firewall rule for this IP address or address range.  It may take up to five minutes for this change to take effect. (40615) (SQLDriverConnect); [42000] [Microsoft][ODBC Driver 18 for SQL Server][SQL Server]Cannot open server 'cp-drawing-hub-dev' requested by the login. Client with IP address '122.172.86.246' is not allowed to access the server.  To enable access, use the Azure Management Portal or run sp_set_firewall_rule on the master database to create a firewall rule for this IP address or address range.  It may take up to five minutes for this change to take effect. (40615)")
2026-03-09T10:53:04  INFO      app.poller                                Polling tick — active_jobs=0
2026-03-09T10:53:09  ERROR     app.db_client                             Error fetching queued records: ('42000', "[42000] [Microsoft][ODBC Driver 18 for SQL Server][SQL Server]Cannot open server 'cp-drawing-hub-dev' requested by the login. Client with IP address '122.172.86.246' is not allowed to access the server.  To enable access, use the Azure Management Portal or run sp_set_firewall_rule on the master database to create a firewall rule for this IP address or address range.  It may take up to five minutes for this change to take effect. (40615) (SQLDriverConnect); [42000] [Microsoft][ODBC Driver 18 for SQL Server][SQL Server]Cannot open server 'cp-drawing-hub-dev' requested by the login. Client with IP address '122.172.86.246' is not allowed to access the server.  To enable access, use the Azure Management Portal or run sp_set_firewall_rule on the master database to create a firewall rule for this IP address or address range.  It may take up to five minutes for this change to take effect. (40615)")
2026-03-09T10:53:14  INFO      app.poller                                Polling tick — active_jobs=0
2026-03-09T10:53:16  ERROR     app.db_client                             Error fetching queued records: ('42000', "[42000] [Microsoft][ODBC Driver 18 for SQL Server][SQL Server]Cannot open server 'cp-drawing-hub-dev' requested by the login. Client with IP address '122.172.86.246' is not allowed to access the server.  To enable access, use the Azure Management Portal or run sp_set_firewall_rule on the master database to create a firewall rule for this IP address or address range.  It may take up to five minutes for this change to take effect. (40615) (SQLDriverConnect); [42000] [Microsoft][ODBC Driver 18 for SQL Server][SQL Server]Cannot open server 'cp-drawing-hub-dev' requested by the login. Client with IP address '122.172.86.246' is not allowed to access the server.  To enable access, use the Azure Management Portal or run sp_set_firewall_rule on the master database to create a firewall rule for this IP address or address range.  It may take up to five minutes for this change to take effect. (40615)")
2026-03-09T10:53:21  INFO      app.poller                                Polling tick — active_jobs=0
2026-03-09T10:53:23  ERROR     app.db_client                             Error fetching queued records: ('42000', "[42000] [Microsoft][ODBC Driver 18 for SQL Server][SQL Server]Cannot open server 'cp-drawing-hub-dev' requested by the login. Client with IP address '122.172.86.246' is not allowed to access the server.  To enable access, use the Azure Management Portal or run sp_set_firewall_rule on the master database to create a firewall rule for this IP address or address range.  It may take up to five minutes for this change to take effect. (40615) (SQLDriverConnect); [42000] [Microsoft][ODBC Driver 18 for SQL Server][SQL Server]Cannot open server 'cp-drawing-hub-dev' requested by the login. Client with IP address '122.172.86.246' is not allowed to access the server.  To enable access, use the Azure Management Portal or run sp_set_firewall_rule on the master database to create a firewall rule for this IP address or address range.  It may take up to five minutes for this change to take effect. (40615)")
2026-03-09T10:53:28  INFO      app.poller                                Polling tick — active_jobs=0
2026-03-09T10:53:29  ERROR     app.db_client                             Error fetching queued records: ('42000', "[42000] [Microsoft][ODBC Driver 18 for SQL Server][SQL Server]Cannot open server 'cp-drawing-hub-dev' requested by the login. Client with IP address '122.172.86.246' is not allowed to access the server.  To enable access, use the Azure Management Portal or run sp_set_firewall_rule on the master database to create a firewall rule for this IP address or address range.  It may take up to five minutes for this change to take effect. (40615) (SQLDriverConnect); [42000] [Microsoft][ODBC Driver 18 for SQL Server][SQL Server]Cannot open server 'cp-drawing-hub-dev' requested by the login. Client with IP address '122.172.86.246' is not allowed to access the server.  To enable access, use the Azure Management Portal or run sp_set_firewall_rule on the master database to create a firewall rule for this IP address or address range.  It may take up to five minutes for this change to take effect. (40615)")
2026-03-09T10:53:34  INFO      app.poller                                Polling tick — active_jobs=0
2026-03-09T10:53:35  ERROR     app.db_client                             Error fetching queued records: ('42000', "[42000] [Microsoft][ODBC Driver 18 for SQL Server][SQL Server]Cannot open server 'cp-drawing-hub-dev' requested by the login. Client with IP address '122.172.86.246' is not allowed to access the server.  To enable access, use the Azure Management Portal or run sp_set_firewall_rule on the master database to create a firewall rule for this IP address or address range.  It may take up to five minutes for this change to take effect. (40615) (SQLDriverConnect); [42000] [Microsoft][ODBC Driver 18 for SQL Server][SQL Server]Cannot open server 'cp-drawing-hub-dev' requested by the login. Client with IP address '122.172.86.246' is not allowed to access the server.  To enable access, use the Azure Management Portal or run sp_set_firewall_rule on the master database to create a firewall rule for this IP address or address range.  It may take up to five minutes for this change to take effect. (40615)")
2026-03-09T10:53:40  INFO      app.poller                                Polling tick — active_jobs=0
2026-03-09T10:53:42  ERROR     app.db_client                             Error fetching queued records: ('42000', "[42000] [Microsoft][ODBC Driver 18 for SQL Server][SQL Server]Cannot open server 'cp-drawing-hub-dev' requested by the login. Client with IP address '122.172.86.246' is not allowed to access the server.  To enable access, use the Azure Management Portal or run sp_set_firewall_rule on the master database to create a firewall rule for this IP address or address range.  It may take up to five minutes for this change to take effect. (40615) (SQLDriverConnect); [42000] [Microsoft][ODBC Driver 18 for SQL Server][SQL Server]Cannot open server 'cp-drawing-hub-dev' requested by the login. Client with IP address '122.172.86.246' is not allowed to access the server.  To enable access, use the Azure Management Portal or run sp_set_firewall_rule on the master database to create a firewall rule for this IP address or address range.  It may take up to five minutes for this change to take effect. (40615)")
2026-03-09T10:53:47  INFO      app.poller                                Polling tick — active_jobs=0
2026-03-09T10:53:48  ERROR     app.db_client                             Error fetching queued records: ('42000', "[42000] [Microsoft][ODBC Driver 18 for SQL Server][SQL Server]Cannot open server 'cp-drawing-hub-dev' requested by the login. Client with IP address '122.172.86.246' is not allowed to access the server.  To enable access, use the Azure Management Portal or run sp_set_firewall_rule on the master database to create a firewall rule for this IP address or address range.  It may take up to five minutes for this change to take effect. (40615) (SQLDriverConnect); [42000] [Microsoft][ODBC Driver 18 for SQL Server][SQL Server]Cannot open server 'cp-drawing-hub-dev' requested by the login. Client with IP address '122.172.86.246' is not allowed to access the server.  To enable access, use the Azure Management Portal or run sp_set_firewall_rule on the master database to create a firewall rule for this IP address or address range.  It may take up to five minutes for this change to take effect. (40615)")
2026-03-09T10:53:53  INFO      app.poller                                Polling tick — active_jobs=0
2026-03-09T10:53:54  ERROR     app.db_client                             Error fetching queued records: ('42000', "[42000] [Microsoft][ODBC Driver 18 for SQL Server][SQL Server]Cannot open server 'cp-drawing-hub-dev' requested by the login. Client with IP address '122.172.86.246' is not allowed to access the server.  To enable access, use the Azure Management Portal or run sp_set_firewall_rule on the master database to create a firewall rule for this IP address or address range.  It may take up to five minutes for this change to take effect. (40615) (SQLDriverConnect); [42000] [Microsoft][ODBC Driver 18 for SQL Server][SQL Server]Cannot open server 'cp-drawing-hub-dev' requested by the login. Client with IP address '122.172.86.246' is not allowed to access the server.  To enable access, use the Azure Management Portal or run sp_set_firewall_rule on the master database to create a firewall rule for this IP address or address range.  It may take up to five minutes for this change to take effect. (40615)")
2026-03-09T10:53:59  INFO      app.poller                                Polling tick — active_jobs=0
2026-03-09T10:54:02  ERROR     app.db_client                             Error fetching queued records: ('42000', "[42000] [Microsoft][ODBC Driver 18 for SQL Server][SQL Server]Cannot open server 'cp-drawing-hub-dev' requested by the login. Client with IP address '122.172.86.246' is not allowed to access the server.  To enable access, use the Azure Management Portal or run sp_set_firewall_rule on the master database to create a firewall rule for this IP address or address range.  It may take up to five minutes for this change to take effect. (40615) (SQLDriverConnect); [42000] [Microsoft][ODBC Driver 18 for SQL Server][SQL Server]Cannot open server 'cp-drawing-hub-dev' requested by the login. Client with IP address '122.172.86.246' is not allowed to access the server.  To enable access, use the Azure Management Portal or run sp_set_firewall_rule on the master database to create a firewall rule for this IP address or address range.  It may take up to five minutes for this change to take effect. (40615)")
2026-03-09T10:54:07  INFO      app.poller                                Polling tick — active_jobs=0
2026-03-09T10:54:08  ERROR     app.db_client                             Error fetching queued records: ('42000', "[42000] [Microsoft][ODBC Driver 18 for SQL Server][SQL Server]Cannot open server 'cp-drawing-hub-dev' requested by the login. Client with IP address '122.172.86.246' is not allowed to access the server.  To enable access, use the Azure Management Portal or run sp_set_firewall_rule on the master database to create a firewall rule for this IP address or address range.  It may take up to five minutes for this change to take effect. (40615) (SQLDriverConnect); [42000] [Microsoft][ODBC Driver 18 for SQL Server][SQL Server]Cannot open server 'cp-drawing-hub-dev' requested by the login. Client with IP address '122.172.86.246' is not allowed to access the server.  To enable access, use the Azure Management Portal or run sp_set_firewall_rule on the master database to create a firewall rule for this IP address or address range.  It may take up to five minutes for this change to take effect. (40615)")
2026-03-09T10:54:13  INFO      app.poller                                Polling tick — active_jobs=0
2026-03-09T10:54:15  ERROR     app.db_client                             Error fetching queued records: ('42000', "[42000] [Microsoft][ODBC Driver 18 for SQL Server][SQL Server]Cannot open server 'cp-drawing-hub-dev' requested by the login. Client with IP address '122.172.86.246' is not allowed to access the server.  To enable access, use the Azure Management Portal or run sp_set_firewall_rule on the master database to create a firewall rule for this IP address or address range.  It may take up to five minutes for this change to take effect. (40615) (SQLDriverConnect); [42000] [Microsoft][ODBC Driver 18 for SQL Server][SQL Server]Cannot open server 'cp-drawing-hub-dev' requested by the login. Client with IP address '122.172.86.246' is not allowed to access the server.  To enable access, use the Azure Management Portal or run sp_set_firewall_rule on the master database to create a firewall rule for this IP address or address range.  It may take up to five minutes for this change to take effect. (40615)")
2026-03-09T10:54:20  INFO      app.poller                                Polling tick — active_jobs=0
2026-03-09T10:54:21  ERROR     app.db_client                             Error fetching queued records: ('42000', "[42000] [Microsoft][ODBC Driver 18 for SQL Server][SQL Server]Cannot open server 'cp-drawing-hub-dev' requested by the login. Client with IP address '122.172.86.246' is not allowed to access the server.  To enable access, use the Azure Management Portal or run sp_set_firewall_rule on the master database to create a firewall rule for this IP address or address range.  It may take up to five minutes for this change to take effect. (40615) (SQLDriverConnect); [42000] [Microsoft][ODBC Driver 18 for SQL Server][SQL Server]Cannot open server 'cp-drawing-hub-dev' requested by the login. Client with IP address '122.172.86.246' is not allowed to access the server.  To enable access, use the Azure Management Portal or run sp_set_firewall_rule on the master database to create a firewall rule for this IP address or address range.  It may take up to five minutes for this change to take effect. (40615)")
2026-03-09T10:54:26  INFO      app.poller                                Polling tick — active_jobs=0
2026-03-09T10:54:34  INFO      app.poller                                Polling tick — active_jobs=0
2026-03-09T10:54:40  INFO      app.poller                                Polling tick — active_jobs=0
2026-03-09T10:54:46  INFO      app.poller                                Polling tick — active_jobs=0
2026-03-09T10:54:53  INFO      app.poller                                Polling tick — active_jobs=0
2026-03-09T10:54:59  INFO      app.poller                                Polling tick — active_jobs=0
2026-03-09T10:55:05  INFO      app.poller                                Polling tick — active_jobs=0
2026-03-09T10:55:11  INFO      app.poller                                Polling tick — active_jobs=0
2026-03-09T10:55:17  INFO      app.poller                                Polling tick — active_jobs=0
2026-03-09T10:55:24  INFO      app.poller                                Polling tick — active_jobs=0
2026-03-09T10:55:30  INFO      app.poller                                Polling tick — active_jobs=0
2026-03-09T10:55:36  INFO      app.poller                                Polling tick — active_jobs=0
2026-03-09T10:55:42  INFO      app.poller                                Polling tick — active_jobs=0
2026-03-09T10:55:48  INFO      app.poller                                Polling tick — active_jobs=0
2026-03-09T10:55:55  INFO      app.poller                                Polling tick — active_jobs=0
2026-03-09T10:56:01  INFO      app.poller                                Polling tick — active_jobs=0
2026-03-09T10:56:07  INFO      app.poller                                Polling tick — active_jobs=0
2026-03-09T10:56:14  INFO      app.poller                                Polling tick — active_jobs=0
2026-03-09T10:56:20  INFO      app.poller                                Polling tick — active_jobs=0
2026-03-09T10:56:26  INFO      app.poller                                Polling tick — active_jobs=0
2026-03-09T10:56:32  INFO      app.poller                                Polling tick — active_jobs=0
2026-03-09T10:56:38  INFO      app.poller                                Polling tick — active_jobs=0
2026-03-09T10:56:45  INFO      app.poller                                Polling tick — active_jobs=0
2026-03-09T10:56:51  INFO      app.poller                                Polling tick — active_jobs=0
2026-03-09T10:56:57  INFO      app.poller                                Polling tick — active_jobs=0
2026-03-09T10:57:03  INFO      app.poller                                Polling tick — active_jobs=0
2026-03-09T10:57:09  INFO      app.poller                                Polling tick — active_jobs=0
2026-03-09T10:57:16  INFO      app.poller                                Polling tick — active_jobs=0
2026-03-09T10:57:22  INFO      app.poller                                Polling tick — active_jobs=0
2026-03-09T10:57:28  INFO      app.poller                                Polling tick — active_jobs=0
2026-03-09T10:57:34  INFO      app.poller                                Polling tick — active_jobs=0
2026-03-09T10:57:40  INFO      app.poller                                Polling tick — active_jobs=0
2026-03-09T10:57:47  INFO      app.poller                                Polling tick — active_jobs=0
2026-03-09T10:57:53  INFO      app.poller                                Polling tick — active_jobs=0
2026-03-09T10:57:59  INFO      app.poller                                Polling tick — active_jobs=0
2026-03-09T10:58:05  INFO      app.poller                                Polling tick — active_jobs=0
2026-03-09T10:58:12  INFO      app.poller                                Polling tick — active_jobs=0
2026-03-09T10:58:18  INFO      app.poller                                Polling tick — active_jobs=0
2026-03-09T10:58:24  INFO      app.poller                                Polling tick — active_jobs=0
2026-03-09T10:58:30  INFO      app.poller                                Polling tick — active_jobs=0
2026-03-09T10:58:36  INFO      app.poller                                Polling tick — active_jobs=0
2026-03-09T10:58:43  INFO      app.poller                                Polling tick — active_jobs=0
2026-03-09T10:58:49  INFO      app.poller                                Polling tick — active_jobs=0
2026-03-09T10:58:55  INFO      app.poller                                Polling tick — active_jobs=0
2026-03-09T10:59:01  INFO      app.poller                                Polling tick — active_jobs=0
2026-03-09T10:59:07  INFO      app.poller                                Polling tick — active_jobs=0
2026-03-09T10:59:14  INFO      app.poller                                Polling tick — active_jobs=0
2026-03-09T10:59:20  INFO      app.poller                                Polling tick — active_jobs=0
2026-03-09T10:59:26  INFO      app.poller                                Polling tick — active_jobs=0
2026-03-09T10:59:32  INFO      app.poller                                Polling tick — active_jobs=0
2026-03-09T10:59:38  INFO      app.poller                                Polling tick — active_jobs=0
2026-03-09T10:59:45  INFO      app.poller                                Polling tick — active_jobs=0
2026-03-09T10:59:51  INFO      app.poller                                Polling tick — active_jobs=0
2026-03-09T10:59:57  INFO      app.poller                                Polling tick — active_jobs=0
2026-03-09T11:00:03  INFO      app.poller                                Polling tick — active_jobs=0
2026-03-09T11:00:09  INFO      app.poller                                Polling tick — active_jobs=0
2026-03-09T11:00:16  INFO      app.poller                                Polling tick — active_jobs=0
2026-03-09T11:00:22  INFO      app.poller                                Polling tick — active_jobs=0
2026-03-09T11:00:28  INFO      app.poller                                Polling tick — active_jobs=0
2026-03-09T11:00:34  INFO      app.poller                                Polling tick — active_jobs=0
2026-03-09T11:00:40  INFO      app.poller                                Polling tick — active_jobs=0
2026-03-09T11:00:47  INFO      app.poller                                Polling tick — active_jobs=0
2026-03-09T11:00:53  INFO      app.poller                                Polling tick — active_jobs=0
2026-03-09T11:00:59  INFO      app.poller                                Polling tick — active_jobs=0
2026-03-09T11:01:01  INFO      app.poller                                Found 1 queued record(s)
2026-03-09T11:01:02  INFO      app.db_client                             QueueId=1 → Status='Processing'
2026-03-09T11:01:02  INFO      app.poller                                [QueueId=1] Upload job submitted (DcrNumber='DCR-2026-0001')
2026-03-09T11:01:02  INFO      app.pdf_reader                            Read PDFs for DcrNumber='DCR-2026-0001': current=477063 bytes, new=484906 bytes
2026-03-09T11:01:02  INFO      app.external_api_client                   [QueueId=1] Uploading PDFs to external service → https://cp-apim-dev.azure-api.net/polling-api/api/v1/dcrs/upload?dcr_id=DCR-2026-0001 (DcrNumber=DCR-2026-0001) [Drawing Hub DCR ID]
2026-03-09T11:01:07  INFO      app.poller                                Polling tick — active_jobs=1
2026-03-09T11:01:08  INFO      app.external_api_client                   [QueueId=1] Upload successful (HTTP 200)
2026-03-09T11:01:08  INFO      app.external_api_client                   [QueueId=1] Backend confirmed dcr_id='DCR-2026-0001' (Drawing Hub DcrNumber='DCR-2026-0001')
2026-03-09T11:01:08  INFO      app.external_api_client                   [QueueId=1] Triggering text comparison → https://cp-apim-dev.azure-api.net/polling-api/api/v1/dcrs/DCR-2026-0001/compare/text
2026-03-09T11:01:14  INFO      app.poller                                Polling tick — active_jobs=1
2026-03-09T11:01:20  INFO      app.poller                                Polling tick — active_jobs=1
2026-03-09T11:01:26  INFO      app.poller                                Polling tick — active_jobs=1
2026-03-09T11:01:32  INFO      app.poller                                Polling tick — active_jobs=1
2026-03-09T11:01:39  INFO      app.poller                                Polling tick — active_jobs=1
2026-03-09T11:01:45  INFO      app.poller                                Polling tick — active_jobs=1
2026-03-09T11:01:51  INFO      app.poller                                Polling tick — active_jobs=1
2026-03-09T11:01:57  INFO      app.poller                                Polling tick — active_jobs=1
2026-03-09T11:02:04  INFO      app.poller                                Polling tick — active_jobs=1
2026-03-09T11:02:04  INFO      app.external_api_client                   [QueueId=1] Text comparison triggered successfully
2026-03-09T11:02:04  INFO      app.external_api_client                   [QueueId=1] Triggering report generation → https://cp-apim-dev.azure-api.net/polling-api/api/v1/dcrs/DCR-2026-0001/report
2026-03-09T11:02:10  INFO      app.poller                                Polling tick — active_jobs=1
2026-03-09T11:02:16  INFO      app.poller                                Polling tick — active_jobs=1
2026-03-09T11:02:22  INFO      app.poller                                Polling tick — active_jobs=1
2026-03-09T11:02:28  INFO      app.poller                                Polling tick — active_jobs=1
2026-03-09T11:02:32  INFO      app.external_api_client                   [QueueId=1] Report generated — DCR is now Completed
2026-03-09T11:02:32  INFO      app.poller                                [QueueId=1] Upload + compare + report complete
2026-03-09T11:02:32  INFO      app.external_api_client                   [DCR=DCR-2026-0001] Fetching engineering changes → https://cp-apim-dev.azure-api.net/polling-api/api/v1/dcrs/DCR-2026-0001/changes/engineering
2026-03-09T11:02:33  INFO      app.external_api_client                   [DCR=DCR-2026-0001] Engineering changes: 21 row(s)
2026-03-09T11:02:33  INFO      app.external_api_client                   [DCR=DCR-2026-0001] Fetching BOM changes → https://cp-apim-dev.azure-api.net/polling-api/api/v1/dcrs/DCR-2026-0001/changes/bom
2026-03-09T11:02:34  INFO      app.external_api_client                   [DCR=DCR-2026-0001] BOM changes: 1 row(s)
2026-03-09T11:02:35  INFO      app.poller                                Polling tick — active_jobs=1
2026-03-09T11:02:40  INFO      app.change_writer                         [QueueId=1] Inserted 21 row(s) into EngineeringChangeDetail
2026-03-09T11:02:41  INFO      app.change_writer                         [QueueId=1] Inserted 1 row(s) into BomChangeDetail
2026-03-09T11:02:41  INFO      app.poller                                [QueueId=1] 21 engineering + 1 BOM change(s) written
2026-03-09T11:02:42  INFO      app.poller                                Polling tick — active_jobs=1
2026-03-09T11:02:43  INFO      app.db_client                             QueueId=1 → Status='Pending Review', CompareResult='Successful'
2026-03-09T11:02:48  INFO      app.poller                                Polling tick — active_jobs=0
2026-03-09T11:02:55  INFO      app.poller                                Polling tick — active_jobs=0
2026-03-09T11:03:01  INFO      app.poller                                Polling tick — active_jobs=0
2026-03-09T11:03:07  INFO      app.poller                                Polling tick — active_jobs=0
2026-03-09T11:03:13  INFO      app.poller                                Polling tick — active_jobs=0
2026-03-09T11:03:19  INFO      app.poller                                Polling tick — active_jobs=0
2026-03-09T11:03:26  INFO      app.poller                                Polling tick — active_jobs=0
2026-03-09T11:03:32  INFO      app.poller                                Polling tick — active_jobs=0
2026-03-09T11:03:38  INFO      app.poller                                Polling tick — active_jobs=0
2026-03-09T11:03:44  INFO      app.poller                                Polling tick — active_jobs=0
2026-03-09T11:03:50  INFO      app.poller                                Polling tick — active_jobs=0
2026-03-09T11:03:57  INFO      app.poller                                Polling tick — active_jobs=0
2026-03-09T11:04:03  INFO      app.poller                                Polling tick — active_jobs=0
2026-03-09T11:04:09  INFO      app.poller                                Polling tick — active_jobs=0
2026-03-09T11:04:15  INFO      app.poller                                Polling tick — active_jobs=0
2026-03-09T11:04:21  INFO      app.poller                                Polling tick — active_jobs=0
2026-03-09T11:04:28  INFO      app.poller                                Polling tick — active_jobs=0
2026-03-09T11:04:34  INFO      app.poller                                Polling tick — active_jobs=0
2026-03-09T11:04:40  INFO      app.poller                                Polling tick — active_jobs=0
2026-03-09T11:04:46  INFO      app.poller                                Polling tick — active_jobs=0
2026-03-09T11:04:52  INFO      app.poller                                Polling tick — active_jobs=0
2026-03-09T11:04:59  INFO      app.poller                                Polling tick — active_jobs=0
2026-03-09T11:05:05  INFO      app.poller                                Polling tick — active_jobs=0
2026-03-09T11:05:11  INFO      app.poller                                Polling tick — active_jobs=0
2026-03-09T11:05:17  INFO      app.poller                                Polling tick — active_jobs=0
2026-03-09T11:05:24  INFO      app.poller                                Polling tick — active_jobs=0
2026-03-09T11:05:30  INFO      app.poller                                Polling tick — active_jobs=0
2026-03-09T11:05:36  INFO      app.poller                                Polling tick — active_jobs=0
2026-03-09T11:05:42  INFO      app.poller                                Polling tick — active_jobs=0
2026-03-09T11:05:48  INFO      app.poller                                Polling tick — active_jobs=0
2026-03-09T11:05:55  INFO      app.poller                                Polling tick — active_jobs=0
2026-03-09T11:06:01  INFO      app.poller                                Polling tick — active_jobs=0
2026-03-09T11:06:07  INFO      app.poller                                Polling tick — active_jobs=0
2026-03-09T11:06:13  INFO      app.poller                                Polling tick — active_jobs=0
2026-03-09T11:06:19  INFO      app.poller                                Polling tick — active_jobs=0
2026-03-09T11:06:26  INFO      app.poller                                Polling tick — active_jobs=0
2026-03-09T11:06:32  INFO      app.poller                                Polling tick — active_jobs=0
2026-03-09T11:06:38  INFO      app.poller                                Polling tick — active_jobs=0
2026-03-09T11:06:44  INFO      app.poller                                Polling tick — active_jobs=0
2026-03-09T11:06:50  INFO      app.poller                                Polling tick — active_jobs=0
2026-03-09T11:06:57  INFO      app.poller                                Polling tick — active_jobs=0
2026-03-09T11:07:03  INFO      app.poller                                Polling tick — active_jobs=0
2026-03-09T11:07:09  INFO      app.poller                                Polling tick — active_jobs=0
2026-03-09T11:07:15  INFO      app.poller                                Polling tick — active_jobs=0
2026-03-09T11:07:21  INFO      app.poller                                Polling tick — active_jobs=0
2026-03-09T11:07:28  INFO      app.poller                                Polling tick — active_jobs=0
2026-03-09T11:07:34  INFO      app.poller                                Polling tick — active_jobs=0
2026-03-09T11:07:40  INFO      app.poller                                Polling tick — active_jobs=0
2026-03-09T11:07:46  INFO      app.poller                                Polling tick — active_jobs=0
2026-03-09T11:07:52  INFO      app.poller                                Polling tick — active_jobs=0
2026-03-09T11:07:59  INFO      app.poller                                Polling tick — active_jobs=0
2026-03-09T11:08:05  INFO      app.poller                                Polling tick — active_jobs=0
2026-03-09T11:08:11  INFO      app.poller                                Polling tick — active_jobs=0
2026-03-09T11:08:17  INFO      app.poller                                Polling tick — active_jobs=0
2026-03-09T11:08:23  INFO      app.poller                                Polling tick — active_jobs=0
2026-03-09T11:08:25  INFO      app.poller                                Found 1 queued record(s)
2026-03-09T11:08:26  INFO      app.db_client                             QueueId=1 → Status='Processing'
2026-03-09T11:08:26  INFO      app.poller                                [QueueId=1] Upload job submitted (DcrNumber='DCR-2026-0001')
2026-03-09T11:08:26  INFO      app.pdf_reader                            Read PDFs for DcrNumber='DCR-2026-0001': current=477063 bytes, new=484906 bytes
2026-03-09T11:08:26  INFO      app.external_api_client                   [QueueId=1] Uploading PDFs to external service → https://cp-apim-dev.azure-api.net/polling-api/api/v1/dcrs/upload?dcr_id=DCR-2026-0001 (DcrNumber=DCR-2026-0001) [Drawing Hub DCR ID]
2026-03-09T11:08:31  INFO      app.poller                                Polling tick — active_jobs=1
2026-03-09T11:08:32  ERROR     app.poller                                [QueueId=1] Upload failed for DcrNumber='DCR-2026-0001': 400 Client Error: Bad Request for url: https://cp-apim-dev.azure-api.net/polling-api/api/v1/dcrs/upload?dcr_id=DCR-2026-0001
Traceback (most recent call last):
  File "C:\Cleavland SSO\DCR-Queue-Polling-Service\app\poller.py", line 157, in _run_upload
    backend_dcr_id = external_api_client.upload_pdfs(
                     ^^^^^^^^^^^^^^^^^^^^^^^^^^^^^^^^
  File "C:\Cleavland SSO\DCR-Queue-Polling-Service\app\external_api_client.py", line 168, in upload_pdfs
    response = _request_with_retry("post", url_with_params, files=files, data=data)
               ^^^^^^^^^^^^^^^^^^^^^^^^^^^^^^^^^^^^^^^^^^^^^^^^^^^^^^^^^^^^^^^^^^^^
  File "C:\Cleavland SSO\DCR-Queue-Polling-Service\app\external_api_client.py", line 97, in _request_with_retry
    response.raise_for_status()
  File "C:\Cleavland SSO\env\Lib\site-packages\requests\models.py", line 1024, in raise_for_status
    raise HTTPError(http_error_msg, response=self)
requests.exceptions.HTTPError: 400 Client Error: Bad Request for url: https://cp-apim-dev.azure-api.net/polling-api/api/v1/dcrs/upload?dcr_id=DCR-2026-0001
2026-03-09T11:08:35  WARNING   app.db_client                             QueueId=1 → CompareResult='Failed': 400 Client Error: Bad Request for url: https://cp-apim-dev.azure-api.net/polling-api/api/v1/dcrs/upload?dcr_id=DCR-2026-0001
2026-03-09T11:08:38  INFO      app.poller                                Polling tick — active_jobs=1
2026-03-09T11:08:44  INFO      app.poller                                Polling tick — active_jobs=0
2026-03-09T11:08:50  INFO      app.poller                                Polling tick — active_jobs=0
2026-03-09T11:08:56  INFO      app.poller                                Polling tick — active_jobs=0
2026-03-09T11:09:02  INFO      app.poller                                Polling tick — active_jobs=0
2026-03-09T11:09:09  INFO      app.poller                                Polling tick — active_jobs=0
2026-03-09T11:09:15  INFO      app.poller                                Polling tick — active_jobs=0
2026-03-09T11:09:17  INFO      app.poller                                Found 1 queued record(s)
2026-03-09T11:09:18  INFO      app.db_client                             QueueId=1 → Status='Processing'
2026-03-09T11:09:18  INFO      app.poller                                [QueueId=1] Upload job submitted (DcrNumber='DCR-2026-0002')
2026-03-09T11:09:18  INFO      app.pdf_reader                            Read PDFs for DcrNumber='DCR-2026-0002': current=477063 bytes, new=484906 bytes
2026-03-09T11:09:18  INFO      app.external_api_client                   [QueueId=1] Uploading PDFs to external service → https://cp-apim-dev.azure-api.net/polling-api/api/v1/dcrs/upload?dcr_id=DCR-2026-0002 (DcrNumber=DCR-2026-0002) [Drawing Hub DCR ID]
2026-03-09T11:09:23  INFO      app.poller                                Polling tick — active_jobs=1
2026-03-09T11:09:23  INFO      app.external_api_client                   [QueueId=1] Upload successful (HTTP 200)
2026-03-09T11:09:23  INFO      app.external_api_client                   [QueueId=1] Backend confirmed dcr_id='DCR-2026-0002' (Drawing Hub DcrNumber='DCR-2026-0002')
2026-03-09T11:09:23  INFO      app.external_api_client                   [QueueId=1] Triggering text comparison → https://cp-apim-dev.azure-api.net/polling-api/api/v1/dcrs/DCR-2026-0002/compare/text
2026-03-09T11:09:29  INFO      app.poller                                Polling tick — active_jobs=1
2026-03-09T11:09:35  INFO      app.poller                                Polling tick — active_jobs=1
2026-03-09T11:09:42  INFO      app.poller                                Polling tick — active_jobs=1
2026-03-09T11:09:48  INFO      app.poller                                Polling tick — active_jobs=1
2026-03-09T11:09:54  INFO      app.poller                                Polling tick — active_jobs=1
2026-03-09T11:10:00  INFO      app.poller                                Polling tick — active_jobs=1
2026-03-09T11:10:06  INFO      app.poller                                Polling tick — active_jobs=1
2026-03-09T11:10:13  INFO      app.poller                                Polling tick — active_jobs=1
2026-03-09T11:10:17  INFO      app.external_api_client                   [QueueId=1] Text comparison triggered successfully
2026-03-09T11:10:17  INFO      app.external_api_client                   [QueueId=1] Triggering report generation → https://cp-apim-dev.azure-api.net/polling-api/api/v1/dcrs/DCR-2026-0002/report
2026-03-09T11:10:19  INFO      app.poller                                Polling tick — active_jobs=1
2026-03-09T11:10:25  INFO      app.poller                                Polling tick — active_jobs=1
2026-03-09T11:10:31  INFO      app.poller                                Polling tick — active_jobs=1
2026-03-09T11:10:37  INFO      app.poller                                Polling tick — active_jobs=1
2026-03-09T11:10:44  INFO      app.poller                                Polling tick — active_jobs=1
2026-03-09T11:10:46  INFO      app.external_api_client                   [QueueId=1] Report generated — DCR is now Completed
2026-03-09T11:10:46  INFO      app.poller                                [QueueId=1] Upload + compare + report complete
2026-03-09T11:10:46  INFO      app.external_api_client                   [DCR=DCR-2026-0002] Fetching engineering changes → https://cp-apim-dev.azure-api.net/polling-api/api/v1/dcrs/DCR-2026-0002/changes/engineering
2026-03-09T11:10:48  INFO      app.external_api_client                   [DCR=DCR-2026-0002] Engineering changes: 21 row(s)
2026-03-09T11:10:48  INFO      app.external_api_client                   [DCR=DCR-2026-0002] Fetching BOM changes → https://cp-apim-dev.azure-api.net/polling-api/api/v1/dcrs/DCR-2026-0002/changes/bom
2026-03-09T11:10:49  INFO      app.external_api_client                   [DCR=DCR-2026-0002] BOM changes: 1 row(s)
2026-03-09T11:10:50  INFO      app.poller                                Polling tick — active_jobs=1
2026-03-09T11:10:55  INFO      app.change_writer                         [QueueId=1] Inserted 21 row(s) into EngineeringChangeDetail
2026-03-09T11:10:56  INFO      app.change_writer                         [QueueId=1] Inserted 1 row(s) into BomChangeDetail
2026-03-09T11:10:56  INFO      app.poller                                [QueueId=1] 21 engineering + 1 BOM change(s) written
2026-03-09T11:10:57  INFO      app.db_client                             QueueId=1 → Status='Pending Review', CompareResult='Successful'
2026-03-09T11:10:58  INFO      app.poller                                Polling tick — active_jobs=1
2026-03-09T11:11:04  INFO      app.poller                                Polling tick — active_jobs=0
2026-03-09T11:11:10  INFO      app.poller                                Polling tick — active_jobs=0
2026-03-09T11:11:16  INFO      app.poller                                Polling tick — active_jobs=0
2026-03-09T11:11:22  INFO      app.poller                                Polling tick — active_jobs=0
2026-03-09T11:11:29  INFO      app.poller                                Polling tick — active_jobs=0
2026-03-09T11:11:35  INFO      app.poller                                Polling tick — active_jobs=0
2026-03-09T11:11:41  INFO      app.poller                                Polling tick — active_jobs=0
2026-03-09T11:11:47  INFO      app.poller                                Polling tick — active_jobs=0
2026-03-09T11:11:53  INFO      app.poller                                Polling tick — active_jobs=0
2026-03-09T11:12:00  INFO      app.poller                                Polling tick — active_jobs=0
2026-03-09T11:12:06  INFO      app.poller                                Polling tick — active_jobs=0
2026-03-09T11:12:12  INFO      app.poller                                Polling tick — active_jobs=0
2026-03-09T11:12:18  INFO      app.poller                                Polling tick — active_jobs=0
2026-03-09T11:12:24  INFO      app.poller                                Polling tick — active_jobs=0
2026-03-09T11:12:31  INFO      app.poller                                Polling tick — active_jobs=0
2026-03-09T11:12:37  INFO      app.poller                                Polling tick — active_jobs=0
2026-03-09T11:12:43  INFO      app.poller                                Polling tick — active_jobs=0
2026-03-09T11:12:49  INFO      app.poller                                Polling tick — active_jobs=0
2026-03-09T11:12:55  INFO      app.poller                                Polling tick — active_jobs=0
2026-03-09T11:13:02  INFO      app.poller                                Polling tick — active_jobs=0
2026-03-09T11:13:08  INFO      app.poller                                Polling tick — active_jobs=0
2026-03-09T11:13:14  INFO      app.poller                                Polling tick — active_jobs=0
2026-03-09T11:13:20  INFO      app.poller                                Polling tick — active_jobs=0
2026-03-09T11:13:27  INFO      app.poller                                Polling tick — active_jobs=0
2026-03-09T11:13:33  INFO      app.poller                                Polling tick — active_jobs=0
2026-03-09T11:13:39  INFO      app.poller                                Polling tick — active_jobs=0
2026-03-09T11:13:45  INFO      app.poller                                Polling tick — active_jobs=0
2026-03-09T11:13:51  INFO      app.poller                                Polling tick — active_jobs=0
2026-03-09T11:13:58  INFO      app.poller                                Polling tick — active_jobs=0
2026-03-09T11:14:02  INFO      app.poller                                Shutdown requested via KeyboardInterrupt
2026-03-09T11:14:02  INFO      app.poller                                Waiting for active jobs to finish before shutdown…
2026-03-09T11:14:02  INFO      app.poller                                Poller shut down cleanly.
